iyear,gind,avg_market_value,total_market_value,count
1980,201030.0,3.6630000000000003,3.6630000000000003,1.0
1980,254010.0,8.433,25.299,3.0
1980,352020.0,1.983,1.983,1.0
1981,101020.0,1546.5336249999998,3093.0672499999996,2.0
1981,151020.0,3.62,3.62,1.0
1981,151030.0,15.378375,15.378375,1.0
1981,201010.0,4.44825,8.8965,2.0
1981,201030.0,8.844,8.844,1.0
1981,201040.0,3.1740000000000004,6.348000000000001,2.0
1981,201060.0,105.70500000000001,105.70500000000001,1.0
1981,202010.0,2.6915,5.383,2.0
1981,203040.0,11.9985,11.9985,1.0
1981,252010.0,11.818999999999999,23.637999999999998,2.0
1981,252020.0,22.78375,45.5675,2.0
1981,252030.0,46.4111875,92.822375,2.0
1981,254010.0,19.06125,38.1225,2.0
1981,255010.0,4.07,4.07,1.0
1981,255040.0,4.968,4.968,1.0
1981,352020.0,3.2474999999999996,3.2474999999999996,1.0
1981,403010.0,13.5565,13.5565,1.0
1981,404010.0,53.979000000000006,53.979000000000006,1.0
1981,452030.0,9.8434375,19.686875,2.0
1981,551010.0,20.398,20.398,1.0
1982,151010.0,34.936,34.936,1.0
1982,151030.0,1.794375,1.794375,1.0
1982,151040.0,1.95,1.95,1.0
1982,201010.0,116.5835,116.5835,1.0
1982,201040.0,6.8500000000000005,6.8500000000000005,1.0
1982,201060.0,93.94075000000001,187.88150000000002,2.0
1982,202010.0,4.626333333333334,13.879000000000001,3.0
1982,252010.0,4.508,9.016,2.0
1982,252020.0,31.298625,62.59725,2.0
1982,252030.0,6.48675,6.48675,1.0
1982,253010.0,6.7837499999999995,6.7837499999999995,1.0
1982,254010.0,7.394796,7.394796,1.0
1982,301010.0,4.22375,4.22375,1.0
1982,302020.0,67.34,67.34,1.0
1982,352020.0,23.416875,46.83375,2.0
1982,401010.0,15.48,15.48,1.0
1982,403010.0,13.025749999999999,26.051499999999997,2.0
1982,404010.0,1.1355,1.1355,1.0
1982,451030.0,7.861,7.861,1.0
1982,452010.0,1.67875,1.67875,1.0
1982,452030.0,0.1635,0.1635,1.0
1983,101010.0,46.913500000000006,93.82700000000001,2.0
1983,101020.0,274.66472175,1098.658887,4.0
1983,151040.0,19.24275,38.4855,2.0
1983,201010.0,248.6169375,497.233875,2.0
1983,201030.0,2.6662500000000002,2.6662500000000002,1.0
1983,202010.0,5.706914,17.120742,3.0
1983,252010.0,10.141375,20.28275,2.0
1983,252020.0,27.402625,54.80525,2.0
1983,252030.0,49.46395833333333,148.391875,3.0
1983,254010.0,0.565,0.565,1.0
1983,255040.0,11.313125,33.939375,3.0
1983,301010.0,49.29575,49.29575,1.0
1983,302020.0,81.12100000000001,81.12100000000001,1.0
1983,351020.0,10.335,10.335,1.0
1983,403010.0,7.809626999999999,7.809626999999999,1.0
1983,404010.0,2.023012,4.046024,2.0
1983,452030.0,3.052,3.052,1.0
1984,101010.0,90.68900000000001,90.68900000000001,1.0
1984,151040.0,79.92,79.92,1.0
1984,201010.0,8.41425,16.8285,2.0
1984,201030.0,6.5175,6.5175,1.0
1984,201040.0,64.76925,64.76925,1.0
1984,202010.0,10.711500000000001,42.846000000000004,4.0
1984,203040.0,0.97,0.97,1.0
1984,251010.0,6.67425,13.3485,2.0
1984,251020.0,3858.860916666667,11576.582750000001,3.0
1984,252010.0,46.56325,186.253,4.0
1984,252020.0,8.476125,8.476125,1.0
1984,252030.0,27.40993333333333,82.2298,3.0
1984,254010.0,12.960625,25.92125,2.0
1984,255040.0,13.710333333333331,41.13099999999999,3.0
1984,302010.0,16.2165,16.2165,1.0
1984,352010.0,31.81575,31.81575,1.0
1984,402010.0,7.721,7.721,1.0
1984,402030.0,26.799500000000002,26.799500000000002,1.0
1984,404010.0,6.386717000000001,12.773434000000002,2.0
1984,451020.0,6.577999999999999,6.577999999999999,1.0
1984,452010.0,44.29425,44.29425,1.0
1985,101020.0,16.03725,48.11175,3.0
1985,201010.0,5.9775,5.9775,1.0
1985,201020.0,12.705,12.705,1.0
1985,201030.0,5.03625,5.03625,1.0
1985,201060.0,268.677125,806.0313749999999,3.0
1985,202010.0,16.3203125,65.28125,4.0
1985,203020.0,189.7105,189.7105,1.0
1985,203040.0,1.50675,1.50675,1.0
1985,251010.0,59.254875000000006,118.50975000000001,2.0
1985,251020.0,4135.548833333333,12406.646499999999,3.0
1985,252010.0,9.219875,27.659625,3.0
1985,252030.0,21.125666666666667,63.377,3.0
1985,254010.0,10.6055,21.211,2.0
1985,255010.0,9.70725,19.4145,2.0
1985,255040.0,30.636760000000002,30.636760000000002,1.0
1985,301010.0,87.03349999999999,174.06699999999998,2.0
1985,351010.0,9.676875,9.676875,1.0
1985,404010.0,30.864,30.864,1.0
1985,451030.0,41.920874999999995,41.920874999999995,1.0
1985,452030.0,6.449541666666668,19.348625000000002,3.0
1986,101010.0,12.045,12.045,1.0
1986,101020.0,31.3660765,62.732153,2.0
1986,151010.0,1.7902500000000001,1.7902500000000001,1.0
1986,151020.0,16.095625000000002,16.095625000000002,1.0
1986,151030.0,2.43775,2.43775,1.0
1986,151040.0,3.19,3.19,1.0
1986,201010.0,5.9775,5.9775,1.0
1986,201020.0,9.2119085,18.423817,2.0
1986,201030.0,11.456875,11.456875,1.0
1986,201070.0,5.904,5.904,1.0
1986,202010.0,9.128375,18.25675,2.0
1986,203020.0,251.78262499999997,755.3478749999999,3.0
1986,251010.0,66.7036875,133.407375,2.0
1986,251020.0,2377.6198750000003,4755.239750000001,2.0
1986,252010.0,4.7723925000000005,9.544785000000001,2.0
1986,252020.0,509.20099999999996,1018.4019999999999,2.0
1986,252030.0,8.959999999999999,17.919999999999998,2.0
1986,254010.0,23.865000000000002,23.865000000000002,1.0
1986,302010.0,65.178,65.178,1.0
1986,351010.0,17.4225,17.4225,1.0
1986,402010.0,4.8466249999999995,4.8466249999999995,1.0
1986,403010.0,128.0210625,256.042125,2.0
1986,452010.0,85.7885,85.7885,1.0
1986,452020.0,38.1178125,76.235625,2.0
1986,452030.0,4.801,14.403,3.0
1987,151010.0,85.571114,171.142228,2.0
1987,151020.0,6.747,6.747,1.0
1987,151040.0,97.203125,194.40625,2.0
1987,201020.0,3.4138125,6.827625,2.0
1987,201030.0,13.081999999999999,13.081999999999999,1.0
1987,201060.0,7.933242999999999,15.866485999999998,2.0
1987,202010.0,7.888,7.888,1.0
1987,251010.0,22.896250000000002,22.896250000000002,1.0
1987,251020.0,10221.296999999999,20442.593999999997,2.0
1987,252010.0,76.43641666666666,229.30925,3.0
1987,252020.0,81.0470625,162.094125,2.0
1987,253010.0,12.739944000000001,25.479888000000003,2.0
1987,254010.0,19.114416666666667,57.34325,3.0
1987,255010.0,3.08925,3.08925,1.0
1987,301010.0,8.53125,8.53125,1.0
1987,352020.0,237.1831875,474.366375,2.0
1987,401010.0,125.183625,125.183625,1.0
1987,402010.0,0.6115,0.6115,1.0
1987,402030.0,21.885375,21.885375,1.0
1987,403010.0,23.321374999999996,46.64274999999999,2.0
1987,451020.0,133.2295,133.2295,1.0
1987,452020.0,123.27837500000001,493.11350000000004,4.0
1987,452030.0,3.61575,3.61575,1.0
1987,452050.0,3.955,3.955,1.0
1988,151040.0,34.526250000000005,34.526250000000005,1.0
1988,201010.0,523.4334999999999,2093.7339999999995,4.0
1988,201020.0,2.323375,4.64675,2.0
1988,201060.0,8.20021875,32.800875,4.0
1988,202010.0,18.108,36.216,2.0
1988,203050.0,11.2065,11.2065,1.0
1988,251020.0,19126.40625,19126.40625,1.0
1988,252010.0,9.9434375,39.77375,4.0
1988,252020.0,20.382,20.382,1.0
1988,252030.0,14.88675,14.88675,1.0
1988,253010.0,14.200191333333334,42.600574,3.0
1988,254010.0,176.054,176.054,1.0
1988,255010.0,4.9005,4.9005,1.0
1988,302020.0,77.13749999999999,77.13749999999999,1.0
1988,352020.0,495.30050000000006,495.30050000000006,1.0
1988,401010.0,37.24,37.24,1.0
1988,402010.0,51.555062500000005,206.22025000000002,4.0
1988,402030.0,25.636875,51.27375,2.0
1988,403010.0,28.772375,28.772375,1.0
1988,404030.0,14.059499999999998,14.059499999999998,1.0
1988,451030.0,13.004999999999999,13.004999999999999,1.0
1988,452010.0,9.2175,9.2175,1.0
1988,452020.0,24.8455,24.8455,1.0
1988,452030.0,19.566402500000002,39.132805000000005,2.0
1989,101010.0,7.3785,7.3785,1.0
1989,101020.0,130.0005,130.0005,1.0
1989,151010.0,950.2275,950.2275,1.0
1989,151040.0,122.36125,367.08375,3.0
1989,201010.0,8.388,8.388,1.0
1989,201060.0,51.275125,51.275125,1.0
1989,202010.0,15.49495,77.47475,5.0
1989,251010.0,25.39875,25.39875,1.0
1989,252010.0,17.163625,17.163625,1.0
1989,252030.0,14.383500000000002,28.767000000000003,2.0
1989,254010.0,169.534875,339.06975,2.0
1989,255010.0,5.502750000000001,5.502750000000001,1.0
1989,255040.0,3.555,3.555,1.0
1989,302020.0,17.445,17.445,1.0
1989,351020.0,99.40175,99.40175,1.0
1989,401010.0,62.532,62.532,1.0
1989,402010.0,71.829375,287.3175,4.0
1989,403010.0,281.620125,563.24025,2.0
1989,404030.0,12.617073000000001,12.617073000000001,1.0
1989,451020.0,36.6555,36.6555,1.0
1989,451030.0,13.302490333333331,39.907470999999994,3.0
1989,452010.0,8.811085499999999,17.622170999999998,2.0
1989,452030.0,3.033863333333333,9.10159,3.0
1989,453010.0,562.96725,562.96725,1.0
1990,101010.0,31.146625,31.146625,1.0
1990,101020.0,21.020557750000002,84.08223100000001,4.0
1990,151010.0,489.74625,489.74625,1.0
1990,151040.0,197.6816875,395.363375,2.0
1990,201010.0,19.39725,19.39725,1.0
1990,201020.0,11.519625,11.519625,1.0
1990,201060.0,21.5949375,43.189875,2.0
1990,202010.0,10.426738,31.280214,3.0
1990,252010.0,2.5852500000000003,2.5852500000000003,1.0
1990,252020.0,16.662,16.662,1.0
1990,252030.0,14.012625,14.012625,1.0
1990,254010.0,870.4877319,870.4877319,1.0
1990,255020.0,10.09125,10.09125,1.0
1990,255040.0,44.897999999999996,44.897999999999996,1.0
1990,401010.0,47.905,47.905,1.0
1990,402010.0,199.36079166666664,598.082375,3.0
1990,402030.0,21.190125,21.190125,1.0
1990,403010.0,9.436166666666667,28.308500000000002,3.0
1990,404030.0,65.34,65.34,1.0
1990,451020.0,45.6875,45.6875,1.0
1990,452010.0,8.536875,17.07375,2.0
1990,452020.0,46.980266,46.980266,1.0
1990,452030.0,9.503354000000002,28.510062000000005,3.0
1990,453010.0,203.4057916666667,610.2173750000001,3.0
1991,101010.0,27.804,27.804,1.0
1991,101020.0,13.289025,66.445125,5.0
1991,151010.0,15.899999999999999,15.899999999999999,1.0
1991,151040.0,9.624672,9.624672,1.0
1991,201060.0,30.814500000000002,61.629000000000005,2.0
1991,202010.0,1.754625,3.50925,2.0
1991,203020.0,10.46875,10.46875,1.0
1991,251010.0,1.35129,1.35129,1.0
1991,252010.0,38.0970365,76.194073,2.0
1991,254010.0,230.27990936666666,690.8397281,3.0
1991,255020.0,10.23825,10.23825,1.0
1991,255030.0,14.343,14.343,1.0
1991,255040.0,23.121,23.121,1.0
1991,351020.0,167.86975,167.86975,1.0
1991,401010.0,52.1685265,208.674106,4.0
1991,402010.0,192.90225,192.90225,1.0
1991,403010.0,21.948,21.948,1.0
1991,451020.0,151.39749999999998,151.39749999999998,1.0
1991,452010.0,4.6205,9.241,2.0
1991,452020.0,30.125375000000002,60.250750000000004,2.0
1991,452030.0,12.118214,36.354642,3.0
1991,453010.0,25.415249999999997,25.415249999999997,1.0
1991,501010.0,12.470500000000001,12.470500000000001,1.0
1992,101020.0,11.875024666666667,35.625074,3.0
1992,151010.0,15.053276,30.106552,2.0
1992,201010.0,786.1955416666666,2358.586625,3.0
1992,201040.0,42.46225,42.46225,1.0
1992,201060.0,4.651029,4.651029,1.0
1992,202010.0,0.49606199999999995,0.49606199999999995,1.0
1992,203010.0,4.665648,4.665648,1.0
1992,252010.0,14.957999999999998,14.957999999999998,1.0
1992,252020.0,12.126000000000001,12.126000000000001,1.0
1992,252030.0,10.809375000000001,10.809375000000001,1.0
1992,254010.0,40.80832899999999,122.42498699999999,3.0
1992,255040.0,23.821966666666665,71.46589999999999,3.0
1992,301010.0,18.380026,18.380026,1.0
1992,302020.0,97.225,97.225,1.0
1992,351020.0,243.055875,486.11175,2.0
1992,402010.0,180.1493541666667,1080.8961250000002,6.0
1992,402030.0,242.07425,242.07425,1.0
1992,403010.0,34.4625,34.4625,1.0
1992,451010.0,7.587021999999999,7.587021999999999,1.0
1992,451020.0,2.7018750000000002,2.7018750000000002,1.0
1992,452010.0,5.566724,11.133448,2.0
1992,452030.0,17.21441666666667,51.64325,3.0
1993,101020.0,45.31066666666667,135.93200000000002,3.0
1993,151010.0,9.988727,9.988727,1.0
1993,151030.0,58.20375,58.20375,1.0
1993,201010.0,62.53875,62.53875,1.0
1993,202010.0,55.210125000000005,110.42025000000001,2.0
1993,203010.0,7.732422,7.732422,1.0
1993,203020.0,61.929,61.929,1.0
1993,252010.0,204.303946,408.607892,2.0
1993,252020.0,27.499000000000002,27.499000000000002,1.0
1993,252030.0,32.908,32.908,1.0
1993,253010.0,6.400882,12.801764,2.0
1993,254010.0,26.150048333333334,78.450145,3.0
1993,255040.0,52.09925,52.09925,1.0
1993,301010.0,23.302916500000002,46.605833000000004,2.0
1993,303020.0,19.467499999999998,19.467499999999998,1.0
1993,351010.0,31.624999999999996,31.624999999999996,1.0
1993,352020.0,58.16675000000001,58.16675000000001,1.0
1993,402010.0,8.2854925,16.570985,2.0
1993,402030.0,411.894,1235.682,3.0
1993,403010.0,7.3125,21.9375,3.0
1993,451030.0,65.086,130.172,2.0
1993,452020.0,143.955029,431.86508699999996,3.0
1993,452030.0,5.705,5.705,1.0
1993,452040.0,17.3085,17.3085,1.0
1993,452050.0,37.527,37.527,1.0
1993,453010.0,1599.09625,1599.09625,1.0
1994,101020.0,9.899625,19.79925,2.0
1994,151010.0,13.037666666666667,39.113,3.0
1994,201010.0,157.71583333333334,473.14750000000004,3.0
1994,201040.0,70.975375,70.975375,1.0
1994,202010.0,2.18725,2.18725,1.0
1994,253010.0,2.7047499999999998,2.7047499999999998,1.0
1994,254010.0,24.360000000000003,24.360000000000003,1.0
1994,255040.0,62.408,62.408,1.0
1994,401010.0,97.72402272727273,1074.96425,11.0
1994,401020.0,12.94575,25.8915,2.0
1994,402010.0,271.86400000000003,543.7280000000001,2.0
1994,402030.0,569.3879595000001,2277.5518380000003,4.0
1994,403010.0,149.83796875000002,1198.7037500000001,8.0
1994,451020.0,398.33500000000004,398.33500000000004,1.0
1994,452010.0,24.149124999999998,24.149124999999998,1.0
1994,452020.0,67.64752974999999,270.59011899999996,4.0
1994,452030.0,27.242134999999998,54.484269999999995,2.0
1994,452050.0,66.24062500000001,66.24062500000001,1.0
1994,453010.0,68.16562499999999,136.33124999999998,2.0
1995,101010.0,14.504000000000001,14.504000000000001,1.0
1995,151040.0,68.17125,68.17125,1.0
1995,151050.0,147.83124999999998,147.83124999999998,1.0
1995,201010.0,145.71525,145.71525,1.0
1995,201040.0,70.455,70.455,1.0
1995,201050.0,77.19775,77.19775,1.0
1995,201060.0,3.1395,3.1395,1.0
1995,202010.0,2.5852500000000003,2.5852500000000003,1.0
1995,203010.0,11.10575,11.10575,1.0
1995,203050.0,19.234125,19.234125,1.0
1995,251010.0,35.9695625,71.939125,2.0
1995,252010.0,76.0396875,152.079375,2.0
1995,252030.0,26.82275,26.82275,1.0
1995,253010.0,21.539437500000002,43.078875000000004,2.0
1995,254010.0,40.76775,163.071,4.0
1995,255010.0,36.985236,73.970472,2.0
1995,255040.0,66.02250766666667,198.06752300000002,3.0
1995,351010.0,165.50437499999998,331.00874999999996,2.0
1995,351020.0,261.66,261.66,1.0
1995,401010.0,40.90508333333334,245.43050000000002,6.0
1995,401020.0,16.97175,16.97175,1.0
1995,402010.0,4.108002,8.216004,2.0
1995,402020.0,23.17,23.17,1.0
1995,402030.0,994.2989375000001,1988.5978750000002,2.0
1995,403010.0,169.90458333333333,1019.4275,6.0
1995,451020.0,3.55,3.55,1.0
1995,451030.0,75.403125,75.403125,1.0
1995,452020.0,325.5298006666667,976.5894020000001,3.0
1995,453010.0,2373.497875,2373.497875,1.0
1995,551020.0,1188.2305000000001,1188.2305000000001,1.0
1996,101020.0,63.592999999999996,63.592999999999996,1.0
1996,151010.0,631.7173125,2526.86925,4.0
1996,151030.0,7.715071,7.715071,1.0
1996,151040.0,1080.360397,5401.801985,5.0
1996,151050.0,1689.7665,3379.533,2.0
1996,201040.0,14.384896000000001,28.769792000000002,2.0
1996,202010.0,28.1661906,140.830953,5.0
1996,203010.0,10.9,10.9,1.0
1996,251010.0,136.15562500000001,272.31125000000003,2.0
1996,252010.0,11.347416666666668,34.04225,3.0
1996,252030.0,34.146,34.146,1.0
1996,253010.0,8.39312,16.78624,2.0
1996,254010.0,85.85881333333333,257.57644,3.0
1996,351010.0,9.554337,19.108674,2.0
1996,401010.0,63.49654166666667,380.97925000000004,6.0
1996,402010.0,400.4975,800.995,2.0
1996,402030.0,1753.3595,3506.719,2.0
1996,403010.0,58.081125,232.3245,4.0
1996,452010.0,38.893375,77.78675,2.0
1996,452020.0,869.3475,869.3475,1.0
1996,452030.0,172.91675,345.8335,2.0
1996,452050.0,45.08975,45.08975,1.0
1996,453010.0,5317.530937500001,10635.061875000001,2.0
1997,101010.0,2.658,2.658,1.0
1997,101020.0,59.799694599999995,298.998473,5.0
1997,151010.0,427.06000000000006,427.06000000000006,1.0
1997,201010.0,71.52300000000001,143.04600000000002,2.0
1997,201060.0,14.859375,14.859375,1.0
1997,202010.0,30.424852666666663,91.27455799999998,3.0
1997,203010.0,9.2785,9.2785,1.0
1997,203050.0,41.141125,41.141125,1.0
1997,251010.0,14.175,14.175,1.0
1997,252030.0,27.705275999999998,83.115828,3.0
1997,253010.0,17.054816000000002,17.054816000000002,1.0
1997,254010.0,76.81841666666666,230.45525,3.0
1997,255040.0,41.628750000000004,41.628750000000004,1.0
1997,302030.0,589.638875,589.638875,1.0
1997,351010.0,5.83125,5.83125,1.0
1997,401010.0,207.573425,1037.867125,5.0
1997,402010.0,370.76555499999995,1483.0622199999998,4.0
1997,402030.0,1873.5975,5620.7925000000005,3.0
1997,403010.0,27.78533333333333,83.356,3.0
1997,404010.0,32.367625000000004,32.367625000000004,1.0
1997,451020.0,83.31675,83.31675,1.0
1997,451030.0,74.468625,74.468625,1.0
1997,452020.0,49.7196875,99.439375,2.0
1997,452030.0,151.170125,302.34025,2.0
1997,452050.0,99.3485,198.697,2.0
1997,453010.0,873.9375908571428,6117.563136,7.0
1998,101020.0,43.70225000000001,87.40450000000001,2.0
1998,151010.0,76.02374999999999,76.02374999999999,1.0
1998,151020.0,569.81875,569.81875,1.0
1998,151030.0,11.698070999999999,11.698070999999999,1.0
1998,201010.0,29.869847999999998,59.739695999999995,2.0
1998,201020.0,157.09199999999998,157.09199999999998,1.0
1998,201030.0,17.724,17.724,1.0
1998,201060.0,66.39051599999999,132.78103199999998,2.0
1998,202010.0,15.917653000000001,95.50591800000001,6.0
1998,203020.0,6089.132,6089.132,1.0
1998,251010.0,17.656875,17.656875,1.0
1998,252010.0,71.53275000000001,71.53275000000001,1.0
1998,252020.0,75.560625,75.560625,1.0
1998,252030.0,44.199999999999996,44.199999999999996,1.0
1998,253010.0,14.868,14.868,1.0
1998,254010.0,107.23175,107.23175,1.0
1998,255040.0,6.830291999999999,6.830291999999999,1.0
1998,302020.0,33.9279375,67.855875,2.0
1998,351010.0,25.845150500000003,51.690301000000005,2.0
1998,351020.0,17.68,17.68,1.0
1998,352010.0,2.747284,2.747284,1.0
1998,352020.0,749.06,749.06,1.0
1998,401010.0,423.5265,847.053,2.0
1998,401020.0,56.784,56.784,1.0
1998,402010.0,142.6446315,285.289263,2.0
1998,402030.0,508.28675000000004,1524.8602500000002,3.0
1998,403010.0,336.68463349999996,673.3692669999999,2.0
1998,451010.0,6.875724,6.875724,1.0
1998,451030.0,32.962782,65.925564,2.0
1998,452010.0,105.56849,211.13698,2.0
1998,452020.0,20.89434375,41.7886875,2.0
1998,452030.0,17.297828250000002,69.19131300000001,4.0
1998,452040.0,55.966875,55.966875,1.0
1998,452050.0,152.7468125,305.493625,2.0
1998,453010.0,6.431966999999999,6.431966999999999,1.0
1999,101010.0,46.18325,92.3665,2.0
1999,101020.0,51.651312499999996,51.651312499999996,1.0
1999,151030.0,12.446875,12.446875,1.0
1999,151040.0,71.9246875,71.9246875,1.0
1999,201010.0,56.388375,169.16512500000002,3.0
1999,201020.0,124.75175000000002,124.75175000000002,1.0
1999,201030.0,144.3025,144.3025,1.0
1999,201060.0,443.0498333333333,1329.1495,3.0
1999,201070.0,3.3831875,3.3831875,1.0
1999,202010.0,14.197249999999999,85.1835,6.0
1999,203030.0,13.96125,13.96125,1.0
1999,251010.0,2.047375,2.047375,1.0
1999,252010.0,90.78515625,181.5703125,2.0
1999,253010.0,14.359957799999998,14.359957799999998,1.0
1999,254010.0,33.693000000000005,33.693000000000005,1.0
1999,255020.0,49.926,49.926,1.0
1999,255040.0,84.34406249999999,168.68812499999999,2.0
1999,302020.0,68.27175000000001,68.27175000000001,1.0
1999,303010.0,128.35003125,256.7000625,2.0
1999,351010.0,33.2259375,33.2259375,1.0
1999,351020.0,5.396,5.396,1.0
1999,401010.0,159.52856250000002,319.05712500000004,2.0
1999,401020.0,52.191750000000006,52.191750000000006,1.0
1999,402010.0,68.032,68.032,1.0
1999,403010.0,409.77000000000004,409.77000000000004,1.0
1999,451010.0,11.7351828,11.7351828,1.0
1999,451020.0,33.85429166666666,101.56287499999999,3.0
1999,452010.0,127.38728125,254.7745625,2.0
1999,452020.0,55.373140625000005,221.49256250000002,4.0
1999,452030.0,12.69367795,25.3873559,2.0
1999,453010.0,7.6,7.6,1.0
1999,501010.0,43.9259375,43.9259375,1.0
2000,151020.0,487.515,487.515,1.0
2000,151040.0,63.5225,127.045,2.0
2000,201010.0,14.3825,28.765,2.0
2000,201020.0,1173.270125,3519.810375,3.0
2000,201030.0,10.070625,10.070625,1.0
2000,201070.0,40.67,40.67,1.0
2000,202010.0,8.856,35.424,4.0
2000,202020.0,22.255625,22.255625,1.0
2000,203020.0,221.18565625,442.3713125,2.0
2000,251010.0,95.304125,95.304125,1.0
2000,252010.0,181.46514583333337,544.3954375000001,3.0
2000,252020.0,35.644999999999996,35.644999999999996,1.0
2000,252030.0,137.70643604999998,275.41287209999996,2.0
2000,253010.0,44.74584375,89.4916875,2.0
2000,255040.0,230.37937499999998,691.138125,3.0
2000,301010.0,343.4475,343.4475,1.0
2000,302030.0,1042.49378125,2084.9875625,2.0
2000,351020.0,2617.7683749999997,5235.536749999999,2.0
2000,352010.0,10.7460625,21.492125,2.0
2000,352020.0,357.72478964999993,715.4495792999999,2.0
2000,402030.0,33.487171875,133.9486875,4.0
2000,403010.0,19.436999999999998,19.436999999999998,1.0
2000,451020.0,17.344437499999998,34.688874999999996,2.0
2000,451030.0,583.11,583.11,1.0
2000,452020.0,40.5705,40.5705,1.0
2000,452030.0,6.756166666666668,20.268500000000003,3.0
2000,453010.0,893.643625,893.643625,1.0
2001,101020.0,23.106375,23.106375,1.0
2001,151040.0,136.7145,136.7145,1.0
2001,201010.0,53.52225,107.0445,2.0
2001,201020.0,45.012499999999996,45.012499999999996,1.0
2001,201030.0,67.752,67.752,1.0
2001,201050.0,69.03,69.03,1.0
2001,202010.0,7.4342500000000005,14.868500000000001,2.0
2001,203020.0,343.6265625,343.6265625,1.0
2001,251010.0,7.6978125,7.6978125,1.0
2001,252010.0,39.99,39.99,1.0
2001,252020.0,65.8905,65.8905,1.0
2001,252030.0,65.17828125,130.3565625,2.0
2001,253010.0,541.4055,541.4055,1.0
2001,254010.0,107.965,107.965,1.0
2001,255020.0,34.7759375,34.7759375,1.0
2001,255040.0,15.1875,15.1875,1.0
2001,301010.0,429.897,429.897,1.0
2001,303020.0,59.38643749999999,118.77287499999998,2.0
2001,351010.0,6.446249999999999,6.446249999999999,1.0
2001,352030.0,15.481874999999999,15.481874999999999,1.0
2001,401010.0,382.3711875,1911.8559375000002,5.0
2001,402020.0,22.7585,22.7585,1.0
2001,402030.0,200.160125,600.480375,3.0
2001,404030.0,116.389625,116.389625,1.0
2001,451010.0,2.8713124999999997,2.8713124999999997,1.0
2001,451020.0,100.79668125,201.5933625,2.0
2001,451030.0,38.6811875,77.362375,2.0
2001,452020.0,904.64405,904.64405,1.0
2001,452030.0,922.89634,3691.58536,4.0
2001,453010.0,145.058805,290.11761,2.0
2002,101010.0,234.5436,469.0872,2.0
2002,101020.0,146.86976166666668,881.21857,6.0
2002,201010.0,42.28394,84.56788,2.0
2002,201030.0,125.8256,125.8256,1.0
2002,201050.0,98.8533,98.8533,1.0
2002,201060.0,8.348999999999998,8.348999999999998,1.0
2002,202010.0,12.5412,12.5412,1.0
2002,252010.0,1524.8999999999999,1524.8999999999999,1.0
2002,253010.0,22.56408,22.56408,1.0
2002,254010.0,36.1368,36.1368,1.0
2002,255020.0,16.57401,16.57401,1.0
2002,255040.0,357.787175,715.57435,2.0
2002,303020.0,1.4443000000000001,1.4443000000000001,1.0
2002,351010.0,3.1270800000000003,3.1270800000000003,1.0
2002,351020.0,2114.131266,10570.65633,5.0
2002,401010.0,103.99827499999999,311.994825,3.0
2002,402010.0,50.94928,50.94928,1.0
2002,402030.0,29.574713699999997,59.14942739999999,2.0
2002,451020.0,9.8955,9.8955,1.0
2002,451030.0,74.91329999999999,74.91329999999999,1.0
2002,452010.0,157.764005,315.52801,2.0
2002,452030.0,98.322,98.322,1.0
2002,501020.0,2.15685,2.15685,1.0
2002,551050.0,50.60242000000001,101.20484000000002,2.0
2003,101010.0,169.08540000000002,169.08540000000002,1.0
2003,201010.0,235.24434,470.48868,2.0
2003,201030.0,100.62816000000002,100.62816000000002,1.0
2003,201040.0,216.80660999999998,216.80660999999998,1.0
2003,201060.0,7.929799999999999,7.929799999999999,1.0
2003,202010.0,129.85927,259.71854,2.0
2003,251010.0,17.512,17.512,1.0
2003,252020.0,433.85263999999995,433.85263999999995,1.0
2003,252030.0,3.546615,7.09323,2.0
2003,255020.0,33.278,33.278,1.0
2003,255040.0,902.9346999999999,902.9346999999999,1.0
2003,303020.0,7.481324999999999,14.962649999999998,2.0
2003,351010.0,35.49039,35.49039,1.0
2003,351020.0,135.45269666666664,406.35808999999995,3.0
2003,352010.0,33.561499999999995,33.561499999999995,1.0
2003,402010.0,1420.4344399999998,1420.4344399999998,1.0
2003,402020.0,26.264425000000003,52.528850000000006,2.0
2003,402030.0,47.23656,47.23656,1.0
2003,403010.0,937.8985212,4689.492606,5.0
2003,451010.0,7.603,7.603,1.0
2003,451030.0,7.5432049999999995,15.086409999999999,2.0
2003,452030.0,8.61687,25.85061,3.0
2003,453010.0,158.5861,317.1722,2.0
2003,501010.0,2.5688,2.5688,1.0
2003,551050.0,124.6267,124.6267,1.0
2004,101010.0,34.398,34.398,1.0
2004,101020.0,836.9492128571429,5858.644490000001,7.0
2004,151010.0,168.48663,168.48663,1.0
2004,201020.0,713.3385,713.3385,1.0
2004,201060.0,56.80503399999999,56.80503399999999,1.0
2004,203010.0,14.2411,14.2411,1.0
2004,203020.0,242.22388499999997,484.44776999999993,2.0
2004,252010.0,1653.6414,3307.2828,2.0
2004,255030.0,10479.804240000001,10479.804240000001,1.0
2004,301010.0,1733.4695800000002,1733.4695800000002,1.0
2004,302020.0,395.79467999999997,791.5893599999999,2.0
2004,351010.0,13.0129,13.0129,1.0
2004,351020.0,2170.40295,4340.8059,2.0
2004,402010.0,801.1087299999999,2403.3261899999998,3.0
2004,402020.0,1000.43664,1000.43664,1.0
2004,403010.0,1121.09692675,8968.775414,8.0
2004,451020.0,2346.6500199999996,2346.6500199999996,1.0
2004,451030.0,38.87601,77.75202,2.0
2004,452030.0,32.45743,32.45743,1.0
2004,501010.0,307.15776,307.15776,1.0
2005,101010.0,1291.7495999999999,1291.7495999999999,1.0
2005,101020.0,1495.2713774999997,11962.171019999998,8.0
2005,151010.0,903.64956,903.64956,1.0
2005,151040.0,3844.947157777778,34604.52442,9.0
2005,201020.0,935.9008500000001,1871.8017000000002,2.0
2005,201030.0,6.7667600000000006,6.7667600000000006,1.0
2005,203010.0,71.79634,71.79634,1.0
2005,203020.0,402.070195,804.14039,2.0
2005,255040.0,4.256,4.256,1.0
2005,302020.0,950.4789549999999,1900.9579099999999,2.0
2005,351020.0,9690.799663333331,29072.398989999994,3.0
2005,402010.0,7.081199999999999,7.081199999999999,1.0
2005,402030.0,1935.2846133333333,5805.85384,3.0
2005,403010.0,45.768699999999995,91.53739999999999,2.0
2005,451030.0,11.643934999999999,11.643934999999999,1.0
2005,453010.0,289.06530000000004,289.06530000000004,1.0
2005,501010.0,178.98494,178.98494,1.0
2005,551010.0,47.44841,47.44841,1.0
2006,101020.0,15988.004202222222,143892.03782,9.0
2006,151010.0,753.77759,2261.33277,3.0
2006,151030.0,38.58692,38.58692,1.0
2006,151040.0,3931.8793260000007,19659.396630000003,5.0
2006,201020.0,1091.7982333333332,3275.3947,3.0
2006,203020.0,333.733475,667.46695,2.0
2006,252010.0,1986.3884,3972.7768,2.0
2006,255020.0,153.813,153.813,1.0
2006,302020.0,344.56539999999995,344.56539999999995,1.0
2006,351010.0,16.39,16.39,1.0
2006,351020.0,590.368775,1180.73755,2.0
2006,401010.0,121.856,121.856,1.0
2006,402030.0,3100.7060633333335,9302.118190000001,3.0
2006,403010.0,270.340445,1081.36178,4.0
2006,451030.0,0.59964,0.59964,1.0
2006,452030.0,11.8188,11.8188,1.0
2007,101010.0,1644.58222,9867.49332,6.0
2007,101020.0,15097.228566000002,75486.14283000001,5.0
2007,151010.0,338.27398000000005,338.27398000000005,1.0
2007,151040.0,9536.120163333333,57216.72098,6.0
2007,201020.0,412.7925,412.7925,1.0
2007,201040.0,512.30476,512.30476,1.0
2007,201060.0,3317.9264500000004,6635.852900000001,2.0
2007,202010.0,19.8521884,19.8521884,1.0
2007,203020.0,405.408775,810.81755,2.0
2007,203040.0,2045.56992,2045.56992,1.0
2007,252010.0,3559.1099999999997,3559.1099999999997,1.0
2007,255040.0,41.4068,41.4068,1.0
2007,402030.0,614.35,614.35,1.0
2007,403010.0,876.0164728571428,6132.11531,7.0
2007,404030.0,662.4849,662.4849,1.0
2007,451010.0,160.875,160.875,1.0
2007,453010.0,33.30075,33.30075,1.0
2008,101010.0,2043.6400966666668,6130.92029,3.0
2008,101020.0,2348.381773333333,7045.14532,3.0
2008,151040.0,590.1317499999999,590.1317499999999,1.0
2008,201030.0,1117.80154,1117.80154,1.0
2008,201070.0,43.52068,43.52068,1.0
2008,202010.0,83.66719,167.33438,2.0
2008,202020.0,640.9639199999999,640.9639199999999,1.0
2008,252010.0,2692.312,2692.312,1.0
2008,252030.0,188.442,188.442,1.0
2008,255040.0,754.237989325,3016.9519573,4.0
2008,302020.0,739.9703999999999,739.9703999999999,1.0
2008,351020.0,1777.4879199999998,1777.4879199999998,1.0
2008,352010.0,155.45856,155.45856,1.0
2008,401010.0,616.55412,616.55412,1.0
2008,402030.0,344.15419499999996,688.3083899999999,2.0
2008,403010.0,658.5993942857142,4610.19576,7.0
2008,451030.0,50.109970049999994,200.43988019999998,4.0
2008,452020.0,3301.242,3301.242,1.0
2009,101020.0,2967.9890333333333,8903.9671,3.0
2009,151010.0,1114.6975325,4458.79013,4.0
2009,151040.0,2178.02694,4356.05388,2.0
2009,201030.0,154.98109,154.98109,1.0
2009,201060.0,549.16406,1098.32812,2.0
2009,202010.0,61.3566,61.3566,1.0
2009,202020.0,8.58466,8.58466,1.0
2009,203010.0,13.865279999999998,13.865279999999998,1.0
2009,251010.0,154.06556000000003,154.06556000000003,1.0
2009,255040.0,151.95367499999998,303.90734999999995,2.0
2009,352010.0,15.515632000000002,15.515632000000002,1.0
2009,352020.0,31.863599999999998,31.863599999999998,1.0
2009,402030.0,6589.741083333333,19769.22325,3.0
2009,403010.0,64.08677,128.17354,2.0
2009,451010.0,733.56816,733.56816,1.0
2009,451020.0,398.14469999999994,796.2893999999999,2.0
2009,452010.0,8.130149999999999,8.130149999999999,1.0
2009,452020.0,10.4146,10.4146,1.0
2009,452030.0,21.250124,21.250124,1.0
2009,453010.0,3205.8599999999997,3205.8599999999997,1.0
2009,551050.0,2729.14923,2729.14923,1.0
2010,101020.0,250.50597000000002,501.01194000000004,2.0
2010,151010.0,6.195600000000001,6.195600000000001,1.0
2010,151050.0,535.6288949999999,1071.2577899999999,2.0
2010,202010.0,80.4809,80.4809,1.0
2010,203020.0,360.353,360.353,1.0
2010,252020.0,185.00809999999998,185.00809999999998,1.0
2010,252030.0,59.169999999999995,59.169999999999995,1.0
2010,254010.0,171.78789,343.57578,2.0
2010,255040.0,1080.0035366666666,3240.01061,3.0
2010,302020.0,103.54604,207.09208,2.0
2010,351010.0,35.256,35.256,1.0
2010,351020.0,13149.82704,26299.65408,2.0
2010,352010.0,136.26531,408.79593,3.0
2010,352020.0,83.18238000000001,83.18238000000001,1.0
2010,402030.0,367.68225,1103.04675,3.0
2010,403010.0,50.364599999999996,50.364599999999996,1.0
2010,451010.0,890.2669200000001,890.2669200000001,1.0
2010,452030.0,75.64336,75.64336,1.0
2010,453010.0,752.15245,752.15245,1.0
2010,551020.0,272.74730999999997,272.74730999999997,1.0
2011,101020.0,162.77126,325.54252,2.0
2011,201060.0,2493.2050000000004,2493.2050000000004,1.0
2011,203020.0,393.73263999999995,393.73263999999995,1.0
2011,252010.0,65.6546,65.6546,1.0
2011,253010.0,91.40974500000002,182.81949000000003,2.0
2011,253020.0,1004.0178000000001,4016.0712000000003,4.0
2011,301010.0,35.28459,35.28459,1.0
2011,302020.0,108.64295,217.2859,2.0
2011,303020.0,126.45362333333333,379.36087,3.0
2011,351020.0,2115.4946400000003,2115.4946400000003,1.0
2011,352010.0,51.0642,102.1284,2.0
2011,352020.0,494.73789000000005,1484.21367,3.0
2011,402010.0,286.81,286.81,1.0
2011,451030.0,11.49804,11.49804,1.0
2011,452010.0,48.144625000000005,96.28925000000001,2.0
2011,452020.0,6966.96,6966.96,1.0
2011,452030.0,567.557655,1135.11531,2.0
2011,453010.0,1777.8322925,7111.32917,4.0
2012,101020.0,3044.9940395,12179.976158,4.0
2012,151010.0,153.73950000000002,307.47900000000004,2.0
2012,151020.0,29.89392,29.89392,1.0
2012,201040.0,141.71472,141.71472,1.0
2012,201060.0,39.305640000000004,39.305640000000004,1.0
2012,202010.0,16.944,16.944,1.0
2012,251010.0,4034.2826000000005,4034.2826000000005,1.0
2012,251020.0,31717.01629,31717.01629,1.0
2012,252010.0,143.44211,143.44211,1.0
2012,252020.0,7.1904,7.1904,1.0
2012,252030.0,60.541979999999995,60.541979999999995,1.0
2012,253020.0,1484.77211,1484.77211,1.0
2012,254010.0,59.35408,59.35408,1.0
2012,303020.0,36.1228,36.1228,1.0
2012,351010.0,9.29072,18.58144,2.0
2012,351020.0,2249.5724999999998,2249.5724999999998,1.0
2012,352020.0,80.305265,160.61053,2.0
2012,402030.0,289.14488,289.14488,1.0
2012,404030.0,60.8175,60.8175,1.0
2012,452030.0,239.52139749999998,479.04279499999996,2.0
2012,453010.0,440.60713666666675,2643.6428200000005,6.0
2013,101020.0,2015.5260616666665,12093.156369999999,6.0
2013,151010.0,161.65503566666666,484.965107,3.0
2013,201030.0,47.847879999999996,47.847879999999996,1.0
2013,201040.0,130.91419,130.91419,1.0
2013,202010.0,17.173199999999998,17.173199999999998,1.0
2013,251010.0,891.70336,1783.40672,2.0
2013,252010.0,257.52355,257.52355,1.0
2013,252030.0,62.699149999999996,62.699149999999996,1.0
2013,253020.0,1255.77823,3767.3346899999997,3.0
2013,254010.0,53.570879999999995,53.570879999999995,1.0
2013,351010.0,25.7644,25.7644,1.0
2013,351020.0,1340.297,1340.297,1.0
2013,401020.0,95.21031999999998,95.21031999999998,1.0
2013,403010.0,365.32881,730.65762,2.0
2013,451020.0,15.227520000000002,15.227520000000002,1.0
2013,451030.0,132.095825,264.19165,2.0
2013,452010.0,861.744065,1723.48813,2.0
2013,452020.0,7498.08,7498.08,1.0
2013,453010.0,771.4787249999999,771.4787249999999,1.0
2014,101020.0,9270.37242,27811.11726,3.0
2014,151010.0,204.56134500000002,409.12269000000003,2.0
2014,201030.0,405.86526,405.86526,1.0
2014,201040.0,171.78304,171.78304,1.0
2014,202010.0,17.53002,35.06004,2.0
2014,203020.0,5043.89402,5043.89402,1.0
2014,251010.0,4377.262555,8754.52511,2.0
2014,253020.0,2103.9809999999998,2103.9809999999998,1.0
2014,255040.0,1454.2911199999999,1454.2911199999999,1.0
2014,301010.0,7494.357,7494.357,1.0
2014,351010.0,41.66256,41.66256,1.0
2014,352010.0,1181.0514,1181.0514,1.0
2014,401010.0,141.96728,425.90183999999994,3.0
2014,401020.0,61.875043000000005,123.75008600000001,2.0
2014,402020.0,138.88997999999998,138.88997999999998,1.0
2014,402030.0,827.3110266666667,2481.9330800000002,3.0
2014,403010.0,441.85296666666665,1325.5589,3.0
2014,451030.0,1949.9717400000002,1949.9717400000002,1.0
2014,501010.0,456.09332,912.18664,2.0
2015,101010.0,52.690799999999996,52.690799999999996,1.0
2015,101020.0,1216.2502366666668,7297.5014200000005,6.0
2015,151010.0,1919.0522,1919.0522,1.0
2015,201010.0,100.652825,100.652825,1.0
2015,251010.0,4393.043839999999,13179.131519999999,3.0
2015,252030.0,58.70796,58.70796,1.0
2015,254010.0,289.31143999999995,289.31143999999995,1.0
2015,255040.0,12371.673600000002,12371.673600000002,1.0
2015,302020.0,989.04845,1978.0969,2.0
2015,303020.0,71.3154,71.3154,1.0
2015,351010.0,78.4216,78.4216,1.0
2015,352010.0,48.149660000000004,48.149660000000004,1.0
2015,352020.0,955.2102299999999,955.2102299999999,1.0
2015,401010.0,410.65101000000004,410.65101000000004,1.0
2015,402030.0,123.40570000000001,123.40570000000001,1.0
2015,403010.0,430.16300599999994,2150.8150299999998,5.0
2015,404030.0,1697.45217,1697.45217,1.0
2015,451020.0,544.1802200000001,544.1802200000001,1.0
2015,452020.0,66.83413999999999,66.83413999999999,1.0
2015,452030.0,3.7349418000000005,3.7349418000000005,1.0
2016,351010.0,68.03954999999999,68.03954999999999,1.0
2016,501010.0,397.05958,397.05958,1.0
