,portfolio_return,std,len,month,sp500_close,sp500_return,excess_sp500_return,Mkt_RF,SMB,HML,RF,excess_rf_return
0,0.10353585714285714,0.21320321517387159,7.0,198001,114.160004,0.0,0.10353585714285714,0.055099999999999996,0.0165,0.0183,0.008,0.09553585714285714
1,-0.002719428571428567,0.1336138560826897,7.0,198002,113.660004,-0.004379818,0.0016603894285714326,-0.012199999999999999,-0.0182,0.0060999999999999995,0.0089,-0.011619428571428567
2,-0.21334185714285714,0.16400569946847232,7.0,198003,102.089996,-0.10179489300000001,-0.11154696414285713,-0.129,-0.0664,-0.0106,0.0121,-0.22544185714285714
3,0.039315,0.13551121834987193,7.0,198004,106.290001,0.041140221,-0.001825220999999995,0.0397,0.0097,0.0105,0.0126,0.026715000000000003
4,0.004724428571428572,0.06687180674708175,7.0,198005,111.239998,0.046570674000000006,-0.04184624542857143,0.0526,0.0216,0.0039000000000000003,0.008100000000000001,-0.003375571428571429
5,0.010088428571428573,0.14200483611935796,7.0,198006,114.239998,0.026968717000000003,-0.01688028842857143,0.030600000000000002,0.0168,-0.0089,0.0060999999999999995,0.003988428571428573
6,0.051607571428571426,0.13913942183874078,7.0,198007,121.66999799999999,0.065038517,-0.013430945571428578,0.0649,0.0425,-0.0634,0.0053,0.04630757142857143
7,0.04791528571428571,0.1857372530787459,7.0,198008,122.379997,0.005835448000000001,0.04207983771428571,0.018000000000000002,0.0391,-0.0264,0.0064,0.041515285714285706
8,0.12169457142857144,0.14570481619454353,7.0,198009,125.459999,0.025167527999999998,0.09652704342857145,0.0219,0.0087,-0.0475,0.0075,0.11419457142857145
9,0.08317571428571428,0.11290514991459909,7.0,198010,127.470001,0.016021059,0.06715465528571428,0.0106,0.024900000000000002,-0.0277,0.0095,0.07367571428571429
10,0.10257328571428571,0.276150228053931,7.0,198011,140.520004,0.10237705300000001,0.00019623271428570455,0.0959,-0.0349,-0.08439999999999999,0.0096,0.09297328571428572
11,-0.07518857142857142,0.14408474232762833,7.0,198012,135.759995,-0.033874245,-0.04131432642857143,-0.0452,-0.0028000000000000004,0.0271,0.0131,-0.08828857142857142
12,-0.00015247368421052504,0.13361254852152998,38.0,198101,129.550003,-0.045742429,0.04558995531578948,-0.0504,0.03,0.0682,0.0104,-0.010552473684210525
13,0.02123610810810811,0.10636895908967671,38.0,198102,131.270004,0.013276735,0.00795937310810811,0.005600000000000001,-0.003,0.0103,0.010700000000000001,0.010536108108108108
14,0.14213054054054053,0.19283930221928808,38.0,198103,136.0,0.036032573,0.10609796754054053,0.0356,0.0358,0.006999999999999999,0.0121,0.13003054054054053
15,0.06465083783783786,0.20632207943939299,37.0,198104,132.809998,-0.023455897000000003,0.08810673483783786,-0.021,0.0443,0.0231,0.0108,0.05385083783783785
16,0.06969672972972973,0.1960462828980625,37.0,198105,132.58999599999999,-0.0016565170000000001,0.07135324672972973,0.0011,0.020099999999999996,-0.0040999999999999995,0.0115,0.05819672972972974
17,0.020074189189189188,0.12649311515384673,37.0,198106,131.21000700000002,-0.010407942,0.030482131189189188,-0.0236,-0.0085,0.0509,0.013500000000000002,0.006574189189189186
18,-0.03203737837837839,0.10840262358662711,37.0,198107,130.919998,-0.0022102660000000002,-0.02982711237837839,-0.0154,-0.0217,-0.006,0.0124,-0.04443737837837839
19,-0.09707994594594595,0.11836125365496421,37.0,198108,122.790001,-0.06209897,-0.034980975945945944,-0.0703,-0.0196,0.0483,0.0128,-0.10987994594594595
20,-0.09973797297297297,0.09710766009391802,37.0,198109,116.18,-0.053831752999999996,-0.04590621997297298,-0.0717,-0.026600000000000002,0.0518,0.0124,-0.11213797297297297
21,0.08617721621621618,0.14098636107639298,37.0,198110,121.889999,0.049147865,0.037029351216216186,0.0492,0.0215,-0.042,0.0121,0.07407721621621619
22,0.011290351351351353,0.10459020624513989,37.0,198111,126.349998,0.03659036,-0.025300008648648648,0.0336,-0.0096,0.0191,0.010700000000000001,0.0005903513513513519
23,0.03555445945945946,0.1658550392442138,37.0,198112,122.550003,-0.030075149,0.06562960845945946,-0.0365,0.0118,0.0075,0.0087,0.02685445945945946
24,-0.004671631578947368,0.11354223402422532,39.0,198201,120.400002,-0.017543867,0.012872235421052633,-0.032400000000000005,-0.0129,0.0313,0.008,-0.012671631578947368
25,-0.03651239473684211,0.1402118008802512,39.0,198202,113.110001,-0.06054818,0.02403578526315789,-0.058600000000000006,0.0046,0.0604,0.0092,-0.04571239473684211
26,0.04868310526315791,0.15467715734791568,39.0,198203,111.959999,-0.010167111999999999,0.05885021726315791,-0.0187,-0.0018,0.0381,0.0098,0.03888310526315791
27,0.06703263157894736,0.12675514826911552,39.0,198204,116.440002,0.040014318,0.027018313578947357,0.0327,0.0152,-0.0279,0.0113,0.05573263157894736
28,-0.03739115789473685,0.1138876021123165,39.0,198205,111.879997,-0.039161842,0.001770684105263154,-0.039900000000000005,0.004699999999999999,0.0182,0.0106,-0.04799115789473685
29,0.01863775675675676,0.10390278746218223,39.0,198206,109.610001,-0.020289561,0.03892731775675676,-0.030899999999999997,-0.0039000000000000003,0.0155,0.0096,0.00903775675675676
30,0.014398078947368425,0.15013692286788363,39.0,198207,107.089996,-0.022990648,0.037388726947368424,-0.0319,0.0085,0.0018,0.0105,0.0038980789473684243
31,0.04672791891891893,0.17755427549850442,39.0,198208,119.510002,0.11597727599999999,-0.06924935708108107,0.1114,-0.041100000000000005,0.0116,0.0076,0.039127918918918925
32,0.04626466666666667,0.09426040600045935,38.0,198209,120.41999799999999,0.007614391999999999,0.03865027466666667,0.0129,0.0288,0.0033,0.0051,0.04116466666666667
33,0.10470211111111115,0.15505085405998306,38.0,198210,133.720001,0.110446796,-0.005744684888888851,0.113,0.0236,-0.0369,0.0059,0.09880211111111115
34,0.12148841666666667,0.2107733363256605,37.0,198211,138.529999,0.03597067,0.08551774666666667,0.0467,0.0479,-0.019299999999999998,0.0063,0.11518841666666667
35,0.024078027777777778,0.1396970974324676,37.0,198212,140.639999,0.015231358,0.008846669777777778,0.0055000000000000005,-0.0017000000000000001,0.0002,0.0067,0.017378027777777777
36,0.15852188235294118,0.18427205475925496,38.0,198301,145.300003,0.033134272,0.1253876103529412,0.036000000000000004,0.0269,-0.0087,0.0069,0.1516218823529412
37,0.08291421212121215,0.18284482756113132,38.0,198302,148.059998,0.018995148,0.06391906412121215,0.0259,0.032400000000000005,0.0068000000000000005,0.0062,0.07671421212121216
38,0.06377184848484847,0.19355070988198436,37.0,198303,152.96000700000002,0.033094753,0.030677095484848475,0.0282,0.0177,0.020499999999999997,0.0063,0.05747184848484847
39,0.16801188235294118,0.2845059437784358,37.0,198304,164.429993,0.07498683,0.09302505235294117,0.0667,0.0052,0.005699999999999999,0.0070999999999999995,0.16091188235294118
40,0.12092108823529411,0.32211706201866647,37.0,198305,162.389999,-0.012406459,0.1333275472352941,0.0052,0.0616,-0.0137,0.0069,0.11402108823529411
41,0.08248238235294117,0.2131702484467506,37.0,198306,167.639999,0.032329577000000005,0.050152805352941164,0.030699999999999998,0.009000000000000001,-0.0387,0.0067,0.07578238235294117
42,0.01885523529411764,0.13910528536394792,37.0,198307,162.559998,-0.030303036000000002,0.04915827129411764,-0.0407,0.0147,0.0559,0.0074,0.011455235294117641
43,-0.05433720588235295,0.13898147121300766,37.0,198308,164.399994,0.011318873,-0.06565607888235295,-0.005,-0.0429,0.055099999999999996,0.0076,-0.06193720588235295
44,0.040166705882352945,0.12935222447619976,37.0,198309,166.070007,0.01015823,0.030008475882352944,0.0092,0.0055000000000000005,0.010700000000000001,0.0076,0.03256670588235294
45,-0.0642434411764706,0.13848707254298767,37.0,198310,163.550003,-0.015174348,-0.049069093176470596,-0.0344,-0.036000000000000004,0.050199999999999995,0.0076,-0.0718434411764706
46,0.02280987878787879,0.1952881583720832,37.0,198311,166.399994,0.017425808,0.005384070787878788,0.0216,0.0204,-0.0064,0.006999999999999999,0.01580987878787879
47,-0.04262873529411765,0.12561443834289326,36.0,198312,164.929993,-0.008834141,-0.033794594294117644,-0.0178,-0.0028000000000000004,0.017,0.0073,-0.04992873529411765
48,0.004069575757575755,0.1299682786839327,40.0,198401,163.41000400000001,-0.009215965,0.013285540757575754,-0.0192,-0.0042,0.0761,0.0076,-0.0035304242424242446
49,-0.06341844117647058,0.07740177102671612,40.0,198402,157.059998,-0.038859347,-0.024559094176470578,-0.0482,-0.0169,0.0331,0.0070999999999999995,-0.07051844117647058
50,0.014763617647058828,0.14829866521192042,40.0,198403,159.179993,0.013497995,0.0012656226470588276,0.0063,0.0007000000000000001,0.0049,0.0073,0.007463617647058828
51,-0.030593857142857145,0.07414498457757208,40.0,198404,160.050003,0.005465574,-0.036059431142857146,-0.0052,-0.012,0.0124,0.008100000000000001,-0.03869385714285715
52,-0.0283428,0.10245616284216959,40.0,198405,150.550003,-0.05935645,0.031013649999999997,-0.059699999999999996,0.0004,0.0023,0.0078000000000000005,-0.0361428
53,0.0168915,0.09641682427830883,40.0,198406,153.179993,0.017469213,-0.0005777130000000005,0.0182,-0.0031,-0.0259,0.0075,0.0093915
54,-0.013283972972972971,0.134643901243549,40.0,198407,150.66000400000001,-0.016451163,0.00316719002702703,-0.0274,-0.0222,0.004,0.008199999999999999,-0.02148397297297297
55,0.14576854285714286,0.2702638416245636,40.0,198408,166.679993,0.106332063,0.03943647985714285,0.10279999999999999,-0.0024,-0.0179,0.0083,0.13746854285714286
56,-0.00045561764705882553,0.10025260059621356,38.0,198409,166.100006,-0.003479644,0.0030240263529411745,-0.008,0.0022,0.0529,0.0086,-0.009055617647058825
57,-0.011095764705882357,0.13733593080804693,37.0,198410,166.08999599999999,-6.02649e-05,-0.011035499805882356,-0.0084,-0.0121,0.0048,0.01,-0.021095764705882356
58,-0.031393882352941174,0.13291318151374962,37.0,198411,163.580002,-0.015112253,-0.016281629352941175,-0.0176,-0.0062,0.0404,0.0073,-0.038693882352941175
59,0.008078558823529406,0.13279452773573555,37.0,198412,167.240005,0.022374391,-0.014295832176470595,0.0184,-0.0058,-0.0014000000000000002,0.0064,0.0016785588235294054
60,0.19015640540540538,0.31531053773255374,40.0,198501,179.630005,0.074085145,0.11607126040540537,0.0799,0.0327,-0.0538,0.006500000000000001,0.18365640540540537
61,0.06725483783783784,0.14586409098322267,39.0,198502,181.179993,0.008628781,0.05862605683783784,0.012199999999999999,0.0076,-0.0015,0.0058,0.06145483783783784
62,-0.015260108108108105,0.11199295812678577,39.0,198503,180.66000400000001,-0.002870013,-0.012390095108108106,-0.0084,-0.011399999999999999,0.0407,0.0062,-0.021460108108108104
63,-0.014654891891891892,0.10957359067306313,39.0,198504,179.830002,-0.004594276,-0.010060615891891892,-0.0096,0.0016,0.037200000000000004,0.0072,-0.02185489189189189
64,0.059753189189189204,0.11674567462742769,39.0,198505,189.550003,0.054051052999999995,0.0057021361891892094,0.0509,-0.0227,-0.0087,0.0066,0.0531531891891892
65,-0.0012944054054054052,0.09856082890768507,39.0,198506,191.850006,0.012134016999999999,-0.013428422405405404,0.0127,0.0053,0.005,0.0055000000000000005,-0.006794405405405405
66,0.03489113513513513,0.12260284220200203,39.0,198507,190.919998,-0.004847579,0.03973871413513513,-0.0074,0.0285,-0.0165,0.0062,0.02869113513513513
67,-0.0006563243243243244,0.0755582622605651,39.0,198508,188.630005,-0.011994516,0.011338191675675676,-0.0102,-0.0032,0.0232,0.0055000000000000005,-0.006156324324324325
68,-0.04430321621621622,0.0882225292290074,39.0,198509,182.080002,-0.034724078,-0.00957913821621622,-0.0454,-0.016,0.0128,0.006,-0.050303216216216216
69,-0.011336710526315784,0.10983891599775822,39.0,198510,189.820007,0.042508814000000006,-0.05384552452631579,0.04019999999999999,-0.015700000000000002,0.0079,0.006500000000000001,-0.017836710526315785
70,0.07936043243243245,0.11491128053380541,39.0,198511,202.169998,0.065061588,0.014298844432432442,0.06480000000000001,0.0023,-0.0288,0.0060999999999999995,0.07326043243243245
71,0.04366932432432432,0.11960276101329351,38.0,198512,211.27999900000003,0.045061092999999997,-0.0013917686756756767,0.0388,-0.0049,-0.0151,0.006500000000000001,0.03716932432432432
72,0.10877877777777777,0.20150142194324389,39.0,198601,211.77999900000003,0.0023665279999999997,0.10641224977777777,0.006500000000000001,0.012,0.0051,0.005600000000000001,0.10317877777777776
73,0.11059602777777779,0.1573955138277883,39.0,198602,226.919998,0.071489277,0.03910675077777778,0.0713,-0.0063,-0.0089,0.0053,0.10529602777777779
74,0.13080072222222222,0.26455972410009926,39.0,198603,238.899994,0.052793919,0.07800680322222223,0.048799999999999996,-0.0052,-0.004699999999999999,0.006,0.12480072222222222
75,0.0154195,0.10623738328654103,39.0,198604,235.520004,-0.014148138000000001,0.029567638,-0.0131,0.0285,-0.028399999999999998,0.0052,0.0102195
76,0.04532621621621623,0.11354329331290704,39.0,198605,247.350006,0.050229288,-0.004903071783783769,0.0462,-0.0132,-0.0012,0.0049,0.040426216216216226
77,0.04413805555555555,0.13167846456098917,39.0,198606,250.83999599999999,0.014109521000000002,0.03002853455555555,0.0103,-0.0092,0.0137,0.0052,0.038938055555555545
78,-0.06079741666666665,0.10316518643013392,38.0,198607,236.11999500000002,-0.058682831,-0.0021145856666666546,-0.0645,-0.0337,0.0478,0.0052,-0.06599741666666666
79,-0.010196176470588233,0.08461269462656246,38.0,198608,252.92999300000002,0.071192607,-0.08138878347058824,0.060700000000000004,-0.0417,0.0351,0.0046,-0.014796176470588233
80,-0.03300085294117648,0.09153385627191735,36.0,198609,231.32000699999998,-0.085438606,0.05243775305882352,-0.086,0.022799999999999997,0.0318,0.0045000000000000005,-0.037500852941176485
81,0.012305294117647055,0.0932158247228407,36.0,198610,243.979996,0.05472933,-0.042424035882352946,0.0466,-0.0256,-0.0144,0.0046,0.007705294117647055
82,0.0258924,0.1348042684391838,36.0,198611,249.22000099999997,0.021477191,0.004415209,0.011699999999999999,-0.0197,-0.0013,0.0039000000000000003,0.0219924
83,-0.027312764705882352,0.12070755101033512,36.0,198612,242.169998,-0.028288271,0.0009755062941176479,-0.0327,0.0006,0.003,0.0049,-0.03221276470588235
84,0.19240890000000002,0.15134394907826718,40.0,198701,274.079987,0.131766896,0.06064200400000003,0.1247,-0.018000000000000002,-0.0317,0.0042,0.1882089
85,0.141526825,0.20142814162616052,40.0,198702,284.200012,0.036923619,0.104603206,0.043899999999999995,0.0349,-0.059800000000000006,0.0043,0.137226825
86,0.08325600000000002,0.2714652023902313,40.0,198703,291.700012,0.026389865,0.056866135000000026,0.016399999999999998,0.0037,0.016399999999999998,0.004699999999999999,0.07855600000000003
87,0.008650325,0.13076192032290093,40.0,198704,288.359985,-0.011450212,0.020100537,-0.021099999999999997,-0.0169,-0.0032,0.0044,0.004250325
88,0.013507499999999997,0.18307160860474297,40.0,198705,290.100006,0.006034197,0.007473302999999997,0.0011,-0.0052,0.0012,0.0038,0.009707499999999997
89,0.029458024999999992,0.15013604225988142,40.0,198706,304.0,0.047914491,-0.018456466000000005,0.0394,-0.0219,0.0106,0.0048,0.024658024999999993
90,0.07538450000000001,0.1312748838033755,40.0,198707,318.660004,0.048223697,0.027160803000000004,0.0385,-0.0063,0.0070999999999999995,0.0046,0.0707845
91,0.0072139999999999965,0.12148522695563252,40.0,198708,329.799988,0.03495884,-0.02774484,0.0352,-0.0074,-0.009300000000000001,0.004699999999999999,0.002513999999999997
92,-0.017218871794871797,0.11016057089544085,40.0,198709,321.829987,-0.024166165,0.006947293205128203,-0.0259,0.0054,0.0028000000000000004,0.0045000000000000005,-0.021718871794871798
93,-0.2933538461538461,0.1703225933259927,39.0,198710,251.789993,-0.21763041600000002,-0.07572343015384606,-0.2324,-0.0842,0.042300000000000004,0.006,-0.2993538461538461
94,-0.05300094871794872,0.13957159809780875,39.0,198711,230.30000299999998,-0.085348865,0.032347916282051276,-0.07769999999999999,0.0276,0.0308,0.0034999999999999996,-0.056500948717948724
95,0.07547434210526316,0.1604079180919992,39.0,198712,247.080002,0.07286148,0.002612862105263153,0.0681,0.0014000000000000002,-0.044500000000000005,0.0039000000000000003,0.07157434210526316
96,0.08572307142857144,0.1707464360385681,42.0,198801,257.070007,0.040432269,0.04529080242857144,0.0421,-0.0070999999999999995,0.051699999999999996,0.0029,0.08282307142857144
97,0.08721550000000002,0.14772343715203828,42.0,198802,267.820007,0.041817402999999996,0.04539809700000002,0.0475,0.0335,-0.0165,0.0046,0.08261550000000001
98,0.03331104761904762,0.13917687449708793,42.0,198803,258.890015,-0.03334326,0.06665430761904761,-0.0227,0.061399999999999996,0.0075,0.0044,0.02891104761904762
99,0.0343607380952381,0.15866463544849213,42.0,198804,261.329987,0.009424744,0.024935994095238098,0.005600000000000001,0.0096,0.0168,0.0046,0.029760738095238097
100,-0.004612756097560974,0.11602516936397475,42.0,198805,262.160004,0.0031761259999999996,-0.007788882097560974,-0.0029,-0.0265,0.022799999999999997,0.0051,-0.009712756097560974
101,0.05128253658536583,0.14056417378516076,41.0,198806,273.5,0.043256011,0.008026525585365832,0.0479,0.021,-0.0111,0.0049,0.04638253658536583
102,0.00662046341463415,0.1742001362551272,41.0,198807,272.019989,-0.005411375,0.01203183841463415,-0.0125,-0.002,0.0227,0.0051,0.0015204634146341496
103,-0.056085125,0.09204091627102381,41.0,198808,261.519989,-0.038600103999999996,-0.017485021000000003,-0.0331,0.0008,0.0208,0.0059,-0.061985125
104,0.01602195,0.09639313979099688,41.0,198809,271.910004,0.039729334,-0.023707383999999998,0.033,-0.0127,-0.0069,0.0062,0.00982195
105,0.022896600000000003,0.13327678067201892,41.0,198810,278.97000099999997,0.025964462,-0.0030678619999999976,0.0115,-0.028999999999999998,0.0168,0.0060999999999999995,0.016796600000000002
106,-0.034368575,0.11983210799749137,41.0,198811,273.700012,-0.018890881,-0.015477693999999997,-0.0229,-0.0173,0.0127,0.005699999999999999,-0.040068574999999995
107,0.006697975000000002,0.1396035575645967,41.0,198812,277.72000099999997,0.014687573,-0.007989597999999999,0.0149,0.0194,-0.0155,0.0063,0.0003979750000000018
108,0.09361082926829267,0.16064056918488903,41.0,198901,297.47000099999997,0.071114792,0.022496037268292676,0.061,-0.0213,0.0053,0.0055000000000000005,0.08811082926829267
109,0.028301349999999996,0.11843153430819137,41.0,198902,288.859985,-0.028944149,0.05724549899999999,-0.0225,0.0276,0.0088,0.0060999999999999995,0.022201349999999995
110,0.043892350000000004,0.14822987107046498,40.0,198903,294.869995,0.020805962,0.023086388000000003,0.015700000000000002,0.0073,0.0048,0.0067,0.037192350000000006
111,0.064050425,0.1409830880541219,40.0,198904,309.640015,0.05008993900000001,0.013960485999999987,0.0433,-0.0059,-0.0147,0.0067,0.057350425
112,0.04302439999999999,0.13272783673498456,40.0,198905,320.519989,0.035137493,0.007886906999999992,0.0335,-0.0004,-0.0083,0.0079,0.035124399999999986
113,0.002505794871794867,0.11989807454759219,40.0,198906,317.980011,-0.007924554,0.010430348871794868,-0.013500000000000002,-0.01,0.0216,0.0070999999999999995,-0.004594205128205133
114,0.03495184615384615,0.11232157837925572,39.0,198907,346.079987,0.088370259,-0.053418412846153854,0.07200000000000001,-0.04,-0.0285,0.006999999999999999,0.027951846153846154
115,0.07124542105263158,0.19431713987937094,39.0,198908,351.450012,0.015516716000000002,0.05572870505263158,0.0144,0.005,0.0075,0.0074,0.06384542105263158
116,0.04656378378378377,0.13557565980992456,38.0,198909,349.149994,-0.006544367,0.053108150783783774,-0.0076,0.0027,-0.0131,0.006500000000000001,0.04006378378378377
117,-0.05641318918918918,0.1088471765506416,37.0,198910,340.359985,-0.025175452,-0.03123773718918918,-0.036699999999999997,-0.032799999999999996,-0.010700000000000001,0.0068000000000000005,-0.06321318918918918
118,-0.01784837837837838,0.09714221018044494,37.0,198911,345.98999,0.016541325,-0.03438970337837838,0.0103,-0.0125,-0.0106,0.0069,-0.02474837837837838
119,-0.01709383783783784,0.10797269935021989,37.0,198912,353.399994,0.021416816,-0.03851065383783785,0.0116,-0.024,0.0024,0.0060999999999999995,-0.023193837837837843
120,-0.02973692499999999,0.16431833877293428,40.0,199001,329.079987,-0.068817225,0.039080300000000005,-0.0785,-0.0128,0.0083,0.005699999999999999,-0.03543692499999999
121,0.08985270000000001,0.1658789555415295,40.0,199002,331.890015,0.008539043,0.08131365700000001,0.0111,0.0102,0.006500000000000001,0.005699999999999999,0.08415270000000001
122,0.04812517499999999,0.11640852414860248,40.0,199003,339.940002,0.024254984,0.023870190999999992,0.0183,0.0152,-0.028999999999999998,0.0064,0.04172517499999999
123,0.020428800000000007,0.2616515628100343,40.0,199004,330.799988,-0.026887138999999997,0.047315939,-0.0336,-0.0051,-0.0253,0.0069,0.013528800000000007
124,0.08165315000000001,0.1468053443957556,40.0,199005,361.230011,0.09198919,-0.01033603999999999,0.0842,-0.0255,-0.0377,0.0068000000000000005,0.07485315000000001
125,0.009298100000000004,0.10493850095829634,40.0,199006,358.019989,-0.008886366,0.018184466000000003,-0.0109,0.014499999999999999,-0.019799999999999998,0.0063,0.0029981000000000035
126,0.005469674999999996,0.10282646480591176,40.0,199007,356.149994,-0.005223158,0.010692832999999995,-0.019,-0.032,-0.0001,0.0068000000000000005,-0.0013303250000000046
127,-0.14869097500000003,0.09546244552634903,40.0,199008,322.559998,-0.09431418400000001,-0.05437679100000002,-0.1014,-0.0358,0.0163,0.0066,-0.15529097500000003
128,-0.07114980000000001,0.1302106479153033,40.0,199009,306.049988,-0.051184307000000005,-0.019965493000000008,-0.061200000000000004,-0.036699999999999997,0.0074,0.006,-0.07714980000000002
129,-0.028951425000000003,0.15592480983159762,40.0,199010,304.0,-0.006698213000000001,-0.022253212,-0.0192,-0.0553,0.0029,0.0068000000000000005,-0.035751425
130,0.084083925,0.15868779342346914,40.0,199011,322.22000099999997,0.059934214000000006,0.024149710999999997,0.0635,0.0032,-0.0311,0.005699999999999999,0.07838392500000001
131,0.011655325,0.12055571908891553,40.0,199012,330.22000099999997,0.024827757000000002,-0.013172432000000003,0.0246,0.008100000000000001,-0.015600000000000001,0.006,0.005655324999999999
132,0.09500489743589743,0.22208479609004672,39.0,199101,343.929993,0.041517752000000005,0.05348714543589743,0.046900000000000004,0.038,-0.0184,0.0052,0.08980489743589744
133,0.17007607692307689,0.3052972624672019,39.0,199102,367.070007,0.067281175,0.10279490192307689,0.0719,0.0394,-0.0054,0.0048,0.1652760769230769
134,0.17254046153846148,0.35731570098494175,39.0,199103,375.22000099999997,0.022202832999999998,0.15033762853846147,0.0265,0.038900000000000004,-0.0124,0.0044,0.1681404615384615
135,-0.017094333333333333,0.15925183458008516,39.0,199104,375.339996,0.000319799,-0.017414132333333332,-0.0028000000000000004,0.0051,0.013999999999999999,0.0053,-0.022394333333333332
136,0.038847974358974365,0.22410390279411016,39.0,199105,389.829987,0.038604975,0.0002429993589743648,0.0364,-0.0034000000000000002,-0.005600000000000001,0.004699999999999999,0.03414797435897436
137,-0.035907410256410255,0.21493805646287445,39.0,199106,371.160004,-0.047892629000000006,0.011985218743589751,-0.049400000000000006,0.0007000000000000001,0.0121,0.0042,-0.04010741025641026
138,-0.0020580512820512794,0.1446811087548185,39.0,199107,387.809998,0.044859342999999996,-0.04691739428205127,0.0424,-0.009300000000000001,-0.0127,0.0049,-0.00695805128205128
139,0.031149512820512825,0.1500557739931305,39.0,199108,395.429993,0.019648784,0.011500728820512826,0.0232,0.016,-0.008,0.0046,0.026549512820512825
140,-0.0351555641025641,0.10830412872039523,39.0,199109,387.859985,-0.019143738,-0.016011826102564103,-0.0159,0.016399999999999998,-0.0098,0.0046,-0.0397555641025641
141,-0.0070451794871794855,0.13621990449731053,39.0,199110,392.450012,0.011834237,-0.018879416487179484,0.0128,0.009000000000000001,-0.0044,0.0042,-0.011245179487179485
142,-0.027911205128205135,0.12615112262724698,39.0,199111,375.22000099999997,-0.043903709000000006,0.01599250387179487,-0.04190000000000001,-0.0048,-0.0191,0.0039000000000000003,-0.031811205128205136
143,0.0781937435897436,0.2361037608950239,39.0,199112,417.089996,0.111587855,-0.0333941114102564,0.10830000000000001,-0.022400000000000003,-0.0404,0.0038,0.0743937435897436
144,0.2838883333333334,0.39118659226232055,40.0,199201,408.77999900000003,-0.01992375,0.3038120833333334,-0.0059,0.08449999999999999,0.045,0.0034000000000000002,0.2804883333333334
145,0.1008453076923077,0.2737281961695189,39.0,199202,412.700012,0.009589542,0.0912557656923077,0.0109,0.0088,0.0636,0.0028000000000000004,0.09804530769230771
146,-0.02678697435897436,0.18438352954521714,39.0,199203,403.690002,-0.021831862999999996,-0.004955111358974362,-0.0265,-0.0103,0.0366,0.0034000000000000002,-0.03018697435897436
147,-0.0330067435897436,0.14400329813195215,39.0,199204,414.950012,0.027892715,-0.0608994585897436,0.0108,-0.061200000000000004,0.042800000000000005,0.0032,-0.0362067435897436
148,-0.05394072972972971,0.19555039566718235,39.0,199205,415.350006,0.000963957,-0.05490468672972971,0.003,0.004,0.0127,0.0028000000000000004,-0.05674072972972971
149,-0.060009945945945935,0.14779409171564525,37.0,199206,408.140015,-0.017358832,-0.04265111394594594,-0.023399999999999997,-0.030899999999999997,0.0341,0.0032,-0.06320994594594594
150,0.06552313513513514,0.2581867804286659,37.0,199207,424.209991,0.039373684,0.026149451135135136,0.0377,-0.0044,-0.0053,0.0031,0.06242313513513514
151,-0.03581883333333333,0.2159921554150256,37.0,199208,414.02999900000003,-0.02399753,-0.011821303333333328,-0.023799999999999998,-0.0011,-0.0104,0.0026,-0.038418833333333326
152,0.03616505882352941,0.1874028028938769,36.0,199209,417.799988,0.009105594,0.02705946482352941,0.011899999999999999,0.005600000000000001,-0.0021,0.0026,0.03356505882352941
153,0.07308330303030303,0.1909076249312879,34.0,199210,418.679993,0.002106283,0.07097702003030303,0.0102,0.0204,-0.021,0.0023,0.07078330303030303
154,0.07801803030303031,0.16825449821596242,33.0,199211,431.35000599999995,0.030261807,0.04775622330303031,0.041299999999999996,0.0369,-0.0148,0.0023,0.07571803030303031
155,0.069826,0.16502007162121515,33.0,199212,435.709991,0.010107765999999999,0.059718234,0.015300000000000001,0.0165,0.025099999999999997,0.0028000000000000004,0.067026
156,0.10243071052631578,0.15450350145090438,40.0,199301,438.77999900000003,0.007045989,0.09538472152631577,0.009300000000000001,0.020499999999999997,0.058899999999999994,0.0023,0.10013071052631578
157,0.007222263157894738,0.1725603633433012,40.0,199302,443.380005,0.010483626999999999,-0.003261363842105261,0.0013,-0.0344,0.0642,0.0022,0.005022263157894738
158,0.06988279487179487,0.1871154765059857,40.0,199303,451.670013,0.018697298,0.05118549687179487,0.023,0.0024,0.0124,0.0025,0.06738279487179487
159,-0.014269256410256413,0.13847658253325873,40.0,199304,440.19000199999994,-0.02541681,0.011147553589743588,-0.0305,-0.0069,0.026099999999999998,0.0024,-0.016669256410256413
160,0.06391035897435896,0.22308412451106366,40.0,199305,450.19000199999994,0.022717462999999997,0.04119289597435896,0.0288,0.0196,-0.0342,0.0022,0.061710358974358955
161,0.042995538461538446,0.1591814487678574,40.0,199306,450.52999900000003,0.00075523,0.042240308461538444,0.0031,-0.003,0.026099999999999998,0.0025,0.040495538461538444
162,0.012319368421052631,0.17457915428939716,40.0,199307,448.130005,-0.005327045999999999,0.01764641442105263,-0.0034000000000000002,0.009399999999999999,0.032400000000000005,0.0024,0.009919368421052632
163,0.04016521052631578,0.14318884578579436,39.0,199308,463.55999800000006,0.034431957,0.005733253526315783,0.037200000000000004,0.0031,-0.0044,0.0025,0.03766521052631578
164,0.041758216216216226,0.18916509721832572,39.0,199309,458.92999299999997,-0.00998793,0.051746146216216225,-0.0012,0.0313,-0.0045000000000000005,0.0026,0.03915821621621623
165,0.05770756756756757,0.18009971184003423,38.0,199310,467.829987,0.019392923,0.03831464456756757,0.0141,0.014499999999999999,-0.0155,0.0022,0.05550756756756757
166,-0.01030781081081081,0.19872195122063246,38.0,199311,461.790009,-0.012910626000000001,0.0026028151891891917,-0.0189,-0.0143,-0.0026,0.0025,-0.01280781081081081
167,0.006603527777777777,0.11960904018139053,38.0,199312,466.450012,0.010091173,-0.0034876452222222234,0.0165,0.012199999999999999,0.005699999999999999,0.0023,0.004303527777777777
168,0.05837716326530614,0.17145561301487366,49.0,199401,481.60998499999994,0.032500745,0.025876418265306143,0.0287,0.0013,0.0209,0.0025,0.05587716326530614
169,0.01751838775510204,0.09287561398895668,49.0,199402,467.14001500000006,-0.030044996,0.04756338375510204,-0.0256,0.027200000000000002,-0.0143,0.0021,0.01541838775510204
170,-0.025076918367346934,0.11543183060592459,49.0,199403,445.76998899999995,-0.045746511,0.020669592632653062,-0.0478,-0.0097,0.0131,0.0027,-0.027776918367346935
171,-0.0006312040816326511,0.13852784520870098,49.0,199404,450.910004,0.011530644,-0.012161848081632651,0.0068000000000000005,-0.0092,0.0166,0.0027,-0.003331204081632651
172,-0.0070255306122448975,0.08862183733545914,49.0,199405,456.5,0.012397143000000001,-0.0194226736122449,0.0058,-0.020099999999999996,0.0018,0.0031,-0.010125530612244898
173,-0.010688916666666668,0.10846500030862653,49.0,199406,444.26998899999995,-0.026790823999999998,0.016101907333333332,-0.030299999999999997,-0.004699999999999999,0.0168,0.0031,-0.013788916666666668
174,0.000753583333333334,0.07231104113122884,48.0,199407,458.26000999999997,0.031489908,-0.030736324666666662,0.0282,-0.0177,0.009899999999999999,0.0028000000000000004,-0.0020464166666666664
175,0.02047615217391304,0.10058138708306873,48.0,199408,475.48999000000003,0.037598699,-0.017122546826086958,0.0401,0.0144,-0.0345,0.0037,0.01677615217391304
176,0.01884723913043478,0.06531416488095902,46.0,199409,462.709991,-0.026877535,0.045724774130434784,-0.0231,0.0268,-0.0178,0.0037,0.01514723913043478
177,0.021036911111111133,0.1378804909106602,46.0,199410,472.35000599999995,0.020833816,0.00020309511111113107,0.0134,-0.022000000000000002,-0.0236,0.0038,0.01723691111111113
178,0.009190863636363634,0.10250178912983997,45.0,199411,453.69000199999994,-0.039504613,0.04869547663636364,-0.0404,-0.0016,-0.0004,0.0037,0.005490863636363634
179,0.00631113636363636,0.1243636375534097,44.0,199412,459.26998899999995,0.012299118000000001,-0.005987981636363641,0.0086,0.0005,0.0028000000000000004,0.0044,0.0019111363636363597
180,0.09178444230769232,0.18455700316857454,54.0,199501,470.420013,0.024277711,0.06750673130769233,0.018000000000000002,-0.029500000000000002,0.0166,0.0042,0.08758444230769233
181,0.021015653846153858,0.17987804038835942,52.0,199502,487.39001500000006,0.03607415,-0.015058496153846142,0.0363,-0.0033,0.0039000000000000003,0.004,0.017015653846153857
182,0.025808942307692304,0.17564914660246167,52.0,199503,500.709991,0.027329192999999998,-0.0015202506923076946,0.0218,-0.0037,-0.0204,0.0046,0.021208942307692304
183,0.17624809615384615,0.7840183560177872,53.0,199504,514.710022,0.027960359,0.14828773715384616,0.021099999999999997,-0.0040999999999999995,0.0173,0.0044,0.17184809615384616
184,0.01802197999999999,0.14817085503504365,53.0,199505,533.400024,0.036311712,-0.018289732000000013,0.028999999999999998,-0.0225,0.0191,0.0054,0.01262197999999999
185,0.07413848979591837,0.1431395526913221,51.0,199506,544.75,0.021278544,0.05285994579591838,0.027200000000000002,0.030600000000000002,-0.0297,0.004699999999999999,0.06943848979591838
186,0.0494190612244898,0.1560709291982612,49.0,199507,562.0599980000001,0.03177604,0.017643021224489804,0.037200000000000004,0.0223,-0.022400000000000003,0.0045000000000000005,0.0449190612244898
187,0.059129918367346934,0.11014436758973743,49.0,199508,561.880005,-0.000320238,0.059450156367346935,0.0055000000000000005,0.018600000000000002,0.0196,0.004699999999999999,0.05442991836734694
188,0.03648146938775509,0.12756705451286232,49.0,199509,584.409973,0.040097472,-0.0036160026122449146,0.0335,-0.0206,-0.009300000000000001,0.0043,0.03218146938775509
189,-0.028838187500000004,0.13209155583616775,49.0,199510,581.5,-0.004979335,-0.023858852500000007,-0.0152,-0.0394,-0.0006,0.004699999999999999,-0.033538187500000004
190,0.036115208333333336,0.16548355677496132,48.0,199511,605.369995,0.041049003,-0.004933794666666665,0.0395,-0.0084,0.0032,0.0042,0.031915208333333334
191,0.030099382978723412,0.15559748746819582,48.0,199512,615.929993,0.017443873999999998,0.012655508978723414,0.0103,0.0037,0.013999999999999999,0.0049,0.025199382978723414
192,0.03527014545454545,0.1138753931286328,56.0,199601,636.02002,0.032617387000000005,0.002652758454545448,0.0226,-0.024900000000000002,0.0039000000000000003,0.0043,0.030970145454545454
193,0.027731690909090917,0.08009105511549841,56.0,199602,640.429993,0.006933702,0.020797988909090917,0.013300000000000001,0.020499999999999997,-0.0232,0.0039000000000000003,0.023831690909090916
194,0.032316018181818174,0.08444506352378864,56.0,199603,645.5,0.007916567,0.024399451181818174,0.0073,0.0131,0.0127,0.0039000000000000003,0.028416018181818173
195,0.0706522181818182,0.1654788891688124,56.0,199604,654.169983,0.013431422,0.057220796181818204,0.0206,0.0484,-0.0406,0.0046,0.0660522181818182
196,0.06358903636363636,0.14633645268783138,56.0,199605,669.119995,0.022853406,0.04073563036363636,0.0236,0.0316,-0.0139,0.0042,0.059389036363636356
197,-0.03541501818181818,0.0933555362363751,56.0,199606,670.630005,0.00225671,-0.03767172818181818,-0.011399999999999999,-0.0364,0.0192,0.004,-0.03941501818181818
198,-0.059449462962962954,0.12471777223353064,56.0,199607,639.950012,-0.045748017,-0.013701445962962952,-0.059699999999999996,-0.0359,0.0436,0.0045000000000000005,-0.06394946296296296
199,0.04173435185185185,0.10269927734219804,55.0,199608,651.98999,0.018813935,0.02292041685185185,0.0276,0.0231,-0.0058,0.0040999999999999995,0.03763435185185185
200,0.01753472222222223,0.12829436330070276,54.0,199609,687.330017,0.054203327999999995,-0.036668605777777766,0.050199999999999995,-0.0079,-0.0375,0.0044,0.013134722222222228
201,-0.0120491320754717,0.10689598608389188,54.0,199610,705.27002,0.026101002999999998,-0.0381501350754717,0.0086,-0.041100000000000005,0.0479,0.0042,-0.0162491320754717
202,0.13074937735849057,0.4664799778772449,53.0,199611,757.02002,0.073376152,0.05737322535849057,0.0625,-0.036000000000000004,0.0015,0.0040999999999999995,0.12664937735849058
203,-0.003113647058823528,0.1510576034944052,53.0,199612,740.73999,-0.021505415,0.018391767941176473,-0.017,0.0308,0.0101,0.0046,-0.007713647058823528
204,0.1275706481481481,0.16500057754000208,58.0,199701,786.159973,0.061317039000000004,0.06625360914814811,0.0499,-0.015300000000000001,-0.0236,0.0045000000000000005,0.12307064814814811
205,-0.014844867924528304,0.10214706480948808,58.0,199702,790.820007,0.00592759,-0.020772457924528302,-0.0049,-0.026099999999999998,0.0467,0.0039000000000000003,-0.018744867924528303
206,-0.06193200000000002,0.17228017713969015,58.0,199703,757.119995,-0.04261401,-0.01931799000000002,-0.050300000000000004,-0.0033,0.0385,0.0043,-0.06623200000000003
207,-0.005539574074074077,0.1310632191773003,58.0,199704,801.340027,0.058405579000000006,-0.06394515307407408,0.0404,-0.052000000000000005,-0.0103,0.0043,-0.009839574074074077
208,0.11830612962962962,0.19706220467123706,58.0,199705,848.2800289999999,0.058576884,0.05972924562962962,0.0674,0.0483,-0.0437,0.0049,0.11340612962962962
209,0.04721007547169811,0.1486261568865952,58.0,199706,885.1400150000001,0.043452616,0.003757459471698109,0.040999999999999995,0.015,0.0076,0.0037,0.043510075471698106
210,0.1021321923076923,0.22459587973295755,58.0,199707,954.3099980000001,0.07814581,0.023986382307692303,0.0733,-0.0252,-0.0013,0.0043,0.0978321923076923
211,0.07383466666666667,0.1311107583713353,57.0,199708,899.4699710000001,-0.057465632,0.13130029866666668,-0.0415,0.0735,0.013600000000000001,0.0040999999999999995,0.06973466666666667
212,0.0825602156862745,0.13403110834628112,56.0,199709,947.2800289999999,0.05315359,0.0294066256862745,0.0535,0.0268,-0.0022,0.0044,0.0781602156862745
213,-0.020535040816326528,0.13523572834929745,56.0,199710,914.6199949999999,-0.034477697,0.013942656183673473,-0.038,-0.0079,0.022000000000000002,0.0042,-0.024735040816326527
214,-0.007482081632653062,0.11687792897966891,54.0,199711,955.400024,0.044586855,-0.052068936632653065,0.0298,-0.0506,0.0098,0.0039000000000000003,-0.011382081632653062
215,-0.045854448979591844,0.13214965732410186,54.0,199712,970.429993,0.015731598,-0.061586046979591844,0.0132,-0.0239,0.0382,0.0048,-0.05065444897959184
216,0.008295653846153848,0.14413334769293312,56.0,199801,980.2800289999999,0.010150177,-0.0018545231538461514,0.0015,-0.009300000000000001,-0.020499999999999997,0.0043,0.003995653846153848
217,0.03635770588235294,0.15328908960278864,55.0,199802,1049.339966,0.070449193,-0.034091487117647055,0.0703,0.0032,-0.0091,0.0039000000000000003,0.03245770588235294
218,0.10577690196078436,0.20187527056985013,54.0,199803,1101.75,0.049945714,0.05583118796078436,0.047599999999999996,-0.0101,0.0125,0.0039000000000000003,0.10187690196078436
219,0.047230560000000005,0.16463757871131643,54.0,199804,1111.75,0.009076469,0.038154091,0.0073,0.0048,0.0034000000000000002,0.0043,0.042930560000000006
220,-0.03790506000000001,0.17365519308410546,53.0,199805,1090.819946,-0.018826224,-0.019078836000000012,-0.030699999999999998,-0.0354,0.041299999999999996,0.004,-0.04190506000000001
221,-0.04001020000000002,0.14116779554682793,53.0,199806,1133.839966,0.039438241,-0.07944844100000001,0.0318,-0.0313,-0.0217,0.0040999999999999995,-0.044110200000000016
222,-0.04523614,0.14895989071106852,53.0,199807,1120.670044,-0.011615327,-0.033620813,-0.0246,-0.0492,-0.011699999999999999,0.004,-0.04923614
223,-0.17782182352941184,0.19883427311554774,53.0,199808,957.2800289999999,-0.145796719,-0.032025104529411846,-0.16079999999999997,-0.0574,0.051699999999999996,0.0043,-0.18212182352941184
224,0.022384607843137255,0.20945188946200302,53.0,199809,1017.01001,0.062395516,-0.04001090815686274,0.061500000000000006,-0.002,-0.038,0.0046,0.017784607843137255
225,0.042277219999999976,0.31698825930806124,53.0,199810,1098.670044,0.080294228,-0.03801700800000002,0.0713,-0.032,-0.026699999999999998,0.0032,0.039077219999999975
226,0.11847939215686278,0.33136231033049474,53.0,199811,1163.630005,0.05912599599999999,0.05935339615686278,0.061,0.0116,-0.0352,0.0031,0.11537939215686277
227,0.003095620000000005,0.23487097651679886,53.0,199812,1229.22998,0.056375287,-0.053279666999999996,0.0616,-0.0031,-0.046799999999999994,0.0038,-0.0007043799999999949
228,0.05780096226415095,0.2587052814166792,53.0,199901,1279.640015,0.041009442,0.01679152026415095,0.035,0.0087,-0.055999999999999994,0.0034999999999999996,0.054300962264150945
229,-0.04561646153846154,0.20814853431741648,53.0,199902,1238.329956,-0.032282563,-0.013333898538461543,-0.0408,-0.0558,0.016200000000000003,0.0034999999999999996,-0.04911646153846154
230,-0.004626411764705878,0.2663242240823899,52.0,199903,1286.369995,0.038794215,-0.04342062676470588,0.0345,-0.0384,-0.028900000000000002,0.0043,-0.008926411764705877
231,0.12998105882352942,0.21650133428562623,51.0,199904,1335.180054,0.037944028,0.09203703082352943,0.0433,0.032,0.023700000000000002,0.0037,0.1262810588235294
232,0.06051472549019608,0.2042587691593267,51.0,199905,1301.839966,-0.024970481,0.08548520649019607,-0.0246,0.0363,0.026699999999999998,0.0034000000000000002,0.057114725490196076
233,-0.015508549019607847,0.1633187090600846,51.0,199906,1372.709961,0.054438331,-0.06994688001960785,0.04769999999999999,0.0348,-0.04190000000000001,0.004,-0.019508549019607847
234,0.0372131,0.20542851704184162,51.0,199907,1328.719971,-0.032046092000000005,0.069259192,-0.0347,0.0222,0.005,0.0038,0.0334131
235,0.05419338000000001,0.4074936717460745,50.0,199908,1320.410034,-0.006254091999999999,0.060447472000000016,-0.0138,-0.013000000000000001,-0.0088,0.0039000000000000003,0.05029338000000001
236,-0.004953489795918372,0.16896513896290888,50.0,199909,1282.709961,-0.028551792000000003,0.02359830220408163,-0.0281,0.0315,-0.029900000000000003,0.0039000000000000003,-0.008853489795918372
237,0.004040270833333334,0.26603294900730035,49.0,199910,1362.930054,0.062539542,-0.05849927116666667,0.0613,-0.06860000000000001,-0.0313,0.0039000000000000003,0.00014027083333333383
238,0.03945860416666666,0.21285463221992207,48.0,199911,1388.910034,0.019061859,0.02039674516666666,0.0337,0.0796,-0.0801,0.0036,0.03585860416666666
239,0.2333138723404255,0.9603244210915217,48.0,199912,1469.25,0.057843895,0.1754699773404255,0.07719999999999999,0.0724,-0.094,0.0044,0.2289138723404255
240,0.08345732000000002,0.27797267197954284,51.0,200001,1394.459961,-0.050903549000000006,0.13436086900000002,-0.047400000000000005,0.0435,0.0006,0.0040999999999999995,0.07935732000000001
241,0.13355433999999997,0.36477166539461314,51.0,200002,1366.420044,-0.020108083,0.15366242299999996,0.0245,0.2232,-0.1311,0.0043,0.12925433999999997
242,0.018123020000000004,0.20777843154378542,51.0,200003,1498.579956,0.09671982800000001,-0.078596808,0.052000000000000005,-0.16699999999999998,0.0797,0.004699999999999999,0.013423020000000004
243,-0.029766300000000006,0.2117441861726753,51.0,200004,1452.430054,-0.030795756,0.0010294559999999946,-0.064,-0.0787,0.0929,0.0046,-0.0343663
244,-0.025364836734693884,0.1562878000349498,51.0,200005,1420.599976,-0.021915051,-0.0034497857346938825,-0.044199999999999996,-0.050499999999999996,0.0387,0.005,-0.030364836734693885
245,0.011191687499999999,0.17146189277903223,50.0,200006,1454.599976,0.02393355,-0.012741862500000003,0.0464,0.13720000000000002,-0.1018,0.004,0.007191687499999998
246,0.00492374468085106,0.1857346095669218,49.0,200007,1430.829956,-0.016341276000000002,0.021265020680851062,-0.025099999999999997,-0.0276,0.0855,0.0048,0.0001237446808510607
247,0.0415673404255319,0.13537391134867202,48.0,200008,1517.680054,0.060699105,-0.0191317645744681,0.0703,-0.009399999999999999,-0.0129,0.005,0.036567340425531905
248,-0.017347866666666666,0.13916535882924574,48.0,200009,1436.51001,-0.053482975,0.03613510833333333,-0.0545,-0.0194,0.0682,0.0051,-0.022447866666666667
249,-0.02862113636363637,0.18010053783238922,46.0,200010,1429.400024,-0.0049494859999999995,-0.02367165036363637,-0.0276,-0.036699999999999997,0.047,0.005600000000000001,-0.03422113636363637
250,-0.056784022727272725,0.19935686408332923,45.0,200011,1314.949951,-0.08006861,0.023284587272727274,-0.1072,-0.031200000000000002,0.1229,0.0051,-0.061884022727272725
251,0.005230522727272726,0.23974398037756556,45.0,200012,1320.280029,0.004053446,0.0011770767272727264,0.011899999999999999,0.015,0.0611,0.005,0.00023052272727272591
252,0.32629734782608694,0.4790653582266303,46.0,200101,1366.01001,0.034636577,0.29166077082608693,0.0313,0.0708,-0.056600000000000004,0.0054,0.3208973478260869
253,-0.03821563043478262,0.2129475105131527,46.0,200102,1239.939941,-0.092290736,0.05407510556521738,-0.1005,-0.011699999999999999,0.1391,0.0038,-0.04201563043478262
254,-0.008099543478260869,0.18190381979468725,46.0,200103,1160.329956,-0.064204711,0.05610516752173913,-0.0726,0.0054,0.0622,0.0042,-0.012299543478260868
255,0.08163413333333334,0.16858236016823028,46.0,200104,1249.459961,0.076814362,0.0048197713333333475,0.0794,0.0024,-0.0438,0.0039000000000000003,0.07773413333333334
256,0.09841488888888887,0.15298550471416064,46.0,200105,1255.819946,0.005090187,0.09332470188888888,0.0072,0.0305,0.028300000000000002,0.0032,0.09521488888888888
257,0.05206646666666666,0.2106089567747643,46.0,200106,1224.380005,-0.025035388999999998,0.07710185566666666,-0.0194,0.064,-0.022799999999999997,0.0028000000000000004,0.04926646666666666
258,-0.04304526666666665,0.16816309066801247,46.0,200107,1211.22998,-0.01074015,-0.03230511666666665,-0.0213,-0.0415,0.0556,0.003,-0.046045266666666654
259,-0.05130824444444445,0.15020717602443082,46.0,200108,1133.579956,-0.064108407,0.012800162555555557,-0.0646,0.0216,0.032799999999999996,0.0031,-0.05440824444444445
260,-0.11782304444444443,0.20328076037320178,46.0,200109,1040.939941,-0.081723406,-0.03609963844444443,-0.0925,-0.0654,0.0182,0.0028000000000000004,-0.12062304444444442
261,0.09879813333333333,0.23946757566892965,46.0,200110,1059.780029,0.018099111,0.08069902233333333,0.0246,0.06860000000000001,-0.07150000000000001,0.0022,0.09659813333333334
262,0.051980177777777796,0.18557864657890624,46.0,200111,1139.449951,0.075175904,-0.023195726222222206,0.0754,0.0040999999999999995,0.0069,0.0017000000000000001,0.050280177777777796
263,0.08512755555555557,0.1545894701843851,46.0,200112,1148.079956,0.007573834000000001,0.07755372155555557,0.0161,0.0513,0.004699999999999999,0.0015,0.08362755555555557
264,0.052336540540540544,0.17570749263060195,40.0,200201,1130.199951,-0.015573833,0.06791037354054054,-0.0144,0.0115,0.0339,0.0014000000000000002,0.050936540540540545
265,0.017419783783783782,0.1729834753925831,40.0,200202,1106.72998,-0.020766211,0.03818599478378378,-0.0229,-0.016200000000000003,0.038900000000000004,0.0013,0.016119783783783783
266,0.11515175675675675,0.11836851319981015,40.0,200203,1147.390015,0.036738894,0.07841286275675674,0.0424,0.0431,0.011200000000000002,0.0013,0.11385175675675675
267,0.07162627027027028,0.19191113846628322,40.0,200204,1076.920044,-0.061417625999999996,0.13304389627027027,-0.052000000000000005,0.059000000000000004,0.0421,0.0015,0.07012627027027028
268,0.057502108108108116,0.29381095999211454,40.0,200205,1067.140015,-0.009081481,0.06658358910810812,-0.0138,-0.037000000000000005,0.0255,0.0014000000000000002,0.05610210810810812
269,-0.021367000000000004,0.15562445711944578,40.0,200206,989.820007,-0.072455354,0.051088353999999996,-0.0721,0.0355,0.015,0.0013,-0.022667000000000003
270,-0.13263783783783784,0.17999250209762035,40.0,200207,911.6199949999999,-0.079004275,-0.053633562837837837,-0.0818,-0.052199999999999996,-0.0362,0.0015,-0.13413783783783784
271,-0.04345280555555556,0.17181408280594124,40.0,200208,916.070007,0.004881433,-0.048334238555555555,0.005,-0.0226,0.0229,0.0014000000000000002,-0.044852805555555555
272,-0.02017088888888889,0.31786885414305044,39.0,200209,815.280029,-0.11002431800000001,0.08985342911111112,-0.1035,0.0275,0.0131,0.0014000000000000002,-0.02157088888888889
273,0.030217555555555553,0.1673402216139229,39.0,200210,885.76001,0.08644880099999999,-0.05623124544444444,0.0784,-0.029900000000000003,-0.0645,0.0014000000000000002,0.028817555555555555
274,0.11610919444444447,0.3370545327364969,39.0,200211,936.3099980000001,0.057069620999999994,0.05903957344444447,0.0596,0.032,-0.0159,0.0012,0.11490919444444446
275,0.024789428571428573,0.15802823503808455,39.0,200212,879.820007,-0.060332573,0.08512200157142857,-0.0576,-0.0044,0.0388,0.0011,0.023689428571428573
276,0.012379735294117648,0.17339466383864205,40.0,200301,855.7000119999999,-0.027414692999999997,0.03979442829411765,-0.025699999999999997,0.0139,-0.008199999999999999,0.001,0.011379735294117649
277,0.060714529411764716,0.13973181687318365,40.0,200302,841.150024,-0.017003609,0.07771813841176471,-0.018799999999999997,-0.0027,-0.014499999999999999,0.0009,0.05981452941176472
278,0.1093614705882353,0.28079259851553273,40.0,200303,848.179993,0.008357569,0.1010039015882353,0.0109,0.0073,-0.0158,0.001,0.1083614705882353
279,0.09052225714285715,0.1683136307578876,40.0,200304,916.919983,0.081044107,0.009478150142857147,0.08220000000000001,0.0111,-0.0009,0.001,0.08952225714285715
280,0.058085333333333336,0.14200137078211603,40.0,200305,963.590027,0.05089871,0.007186623333333336,0.0605,0.0479,0.0009,0.0009,0.05718533333333334
281,0.21546355555555557,0.7834706681981307,40.0,200306,974.5,0.011322215,0.20414134055555558,0.014199999999999999,0.015,0.0070999999999999995,0.001,0.21446355555555557
282,0.07653816666666664,0.22960157197489492,40.0,200307,990.3099980000001,0.016223702,0.060314464666666644,0.0235,0.0558,-0.0204,0.0007000000000000001,0.07583816666666664
283,0.022253888888888886,0.14657878494277946,40.0,200308,1008.01001,0.017873203,0.004380685888888885,0.023399999999999997,0.0265,0.0176,0.0007000000000000001,0.021553888888888886
284,0.054814277777777774,0.2062131155806136,39.0,200309,995.9699710000001,-0.011944365,0.06675864277777778,-0.0124,0.006,0.009300000000000001,0.0008,0.05401427777777777
285,0.1026455,0.22012246517265271,39.0,200310,1050.709961,0.054961486,0.047684014000000004,0.0608,0.028900000000000002,0.0169,0.0007000000000000001,0.1019455
286,0.04107769444444444,0.12309282182641554,39.0,200311,1058.199951,0.007128504,0.03394919044444444,0.013500000000000002,0.0225,0.0139,0.0007000000000000001,0.04037769444444444
287,0.0501396857142857,0.11932574582598565,39.0,200312,1111.920044,0.050765541,-0.000625855285714294,0.0429,-0.027999999999999997,0.0278,0.0008,0.0493396857142857
288,0.03079702631578947,0.12435397473613365,40.0,200401,1131.130005,0.017276387,0.013520639315789468,0.0215,0.0263,0.0166,0.0007000000000000001,0.03009702631578947
289,0.017189657894736837,0.12237775652777629,40.0,200402,1144.939941,0.012208973,0.0049806848947368376,0.013999999999999999,-0.011899999999999999,0.0044,0.0006,0.016589657894736837
290,0.029611473684210524,0.11921538959192031,40.0,200403,1126.209961,-0.016358919,0.04597039268421052,-0.0132,0.019,-0.0005,0.0009,0.028711473684210523
291,-0.03756528947368421,0.12177320740776028,40.0,200404,1107.300049,-0.016790752,-0.020774537473684213,-0.0183,-0.025699999999999997,-0.0167,0.0008,-0.038365289473684214
292,-0.005015315789473675,0.16510553036657283,40.0,200405,1120.680054,0.01208345,-0.017098765789473676,0.011699999999999999,-0.0019,-0.0026,0.0006,-0.005615315789473675
293,0.10315292105263157,0.29259686393567785,40.0,200406,1140.839966,0.017988999,0.08516392205263157,0.018600000000000002,0.023399999999999997,0.0163,0.0008,0.10235292105263158
294,-0.04723154054054054,0.10389347474552818,40.0,200407,1101.719971,-0.034290519,-0.01294102154054054,-0.0406,-0.0377,0.045599999999999995,0.001,-0.04823154054054054
295,0.001028500000000001,0.13685676642659378,39.0,200408,1104.23999,0.00228735,-0.001258849999999999,0.0008,-0.015700000000000002,0.0124,0.0011,-7.149999999999908e-05
296,0.0905875,0.22400082433798005,39.0,200409,1114.579956,0.009363876,0.081223624,0.016,0.029300000000000003,0.004699999999999999,0.0011,0.0894875
297,0.002116342105263162,0.1400235403956558,39.0,200410,1130.199951,0.014014243999999999,-0.011897901894736836,0.0143,0.0039000000000000003,-0.008199999999999999,0.0011,0.001016342105263162
298,0.13421934210526318,0.14404705944694682,39.0,200411,1173.819946,0.038594936,0.09562440610526318,0.0454,0.041299999999999996,0.0194,0.0015,0.13271934210526318
299,0.03639089473684211,0.10493076989262441,39.0,200412,1211.920044,0.032458213,0.0039326817368421085,0.034300000000000004,0.0019,-0.0037,0.0016,0.03479089473684211
300,-0.022443850000000008,0.0890016227845572,41.0,200501,1181.27002,-0.025290467,0.0028466169999999923,-0.0276,-0.0155,0.0273,0.0016,-0.02404385000000001
301,0.10219446153846154,0.137512210448046,41.0,200502,1203.599976,0.018903346,0.08329111553846154,0.0189,-0.0068000000000000005,0.028399999999999998,0.0016,0.10059446153846154
302,-0.06176758974358972,0.09768881296473429,40.0,200503,1180.589966,-0.019117656,-0.04264993374358972,-0.0197,-0.013600000000000001,0.017,0.0021,-0.06386758974358972
303,-0.0655704210526316,0.14567069793639825,40.0,200504,1156.849976,-0.020108582,-0.0454618390526316,-0.026099999999999998,-0.0397,-0.0045000000000000005,0.0021,-0.0676704210526316
304,0.08119573684210528,0.14278383348088272,39.0,200505,1191.5,0.029952046,0.05124369084210528,0.0365,0.0297,-0.0121,0.0024,0.07879573684210528
305,0.06297872222222223,0.14795114329469156,39.0,200506,1191.329956,-0.000142714,0.06312143622222223,0.005699999999999999,0.0259,0.0279,0.0023,0.06067872222222223
306,0.09094025000000001,0.1030169785255601,37.0,200507,1234.180054,0.035968287,0.05497196300000001,0.0392,0.0277,-0.004699999999999999,0.0024,0.08854025000000001
307,0.00938327777777778,0.1250163107906007,37.0,200508,1220.329956,-0.011222105,0.020605382777777778,-0.012199999999999999,-0.0085,0.0147,0.003,0.00638327777777778
308,0.0255615,0.09375899668633711,37.0,200509,1228.810059,0.006949025,0.018612475,0.0049,-0.0068000000000000005,0.0111,0.0029,0.0226615
309,-0.04197080555555556,0.09178930261942898,37.0,200510,1207.01001,-0.01774078,-0.02423002555555556,-0.0202,-0.01,-0.0067,0.0027,-0.04467080555555556
310,0.06752725000000001,0.12022456774823521,37.0,200511,1249.47998,0.035186096,0.03234115400000001,0.0361,0.0096,-0.018500000000000003,0.0031,0.06442725
311,0.019082085714285716,0.09377388621427465,37.0,200512,1248.290039,-0.0009523489999999999,0.020034434714285718,-0.0025,-0.005,0.005,0.0032,0.015882085714285715
312,0.14890205555555558,0.18338956463892367,40.0,200601,1280.079956,0.025466771000000003,0.12343528455555558,0.0304,0.053099999999999994,0.011699999999999999,0.0034999999999999996,0.14540205555555558
313,0.007669361111111112,0.10962457868409745,40.0,200602,1280.660034,0.00045315800000000005,0.007216203111111112,-0.003,-0.0032,-0.0085,0.0034000000000000002,0.004269361111111112
314,0.0834215,0.13276673625239976,40.0,200603,1294.869995,0.01109581,0.07232569,0.0146,0.0354,-0.0014000000000000002,0.0037,0.0797215
315,0.03346125,0.1399069049594612,40.0,200604,1310.609985,0.012155653,0.021305596999999996,0.0073,-0.0125,0.030600000000000002,0.0036,0.02986125
316,-0.06276542857142857,0.09246661688074105,40.0,200605,1270.089966,-0.030916916000000003,-0.03184851257142857,-0.035699999999999996,-0.030299999999999997,0.0279,0.0043,-0.06706542857142857
317,0.020170529411764702,0.11697718524780423,39.0,200606,1270.199951,8.659620000000001e-05,0.0200839332117647,-0.0034999999999999996,-0.0055000000000000005,0.0149,0.004,0.0161705294117647
318,-0.022544911764705886,0.09829584817841082,38.0,200607,1276.660034,0.005085879000000001,-0.027630790764705888,-0.0078000000000000005,-0.04,0.0342,0.004,-0.026544911764705886
319,-0.0035398235294117632,0.08897882428930667,38.0,200608,1303.819946,0.021274192999999997,-0.02481401652941176,0.0203,0.008100000000000001,-0.0178,0.0042,-0.0077398235294117625
320,-0.02484876470588235,0.11605875514767426,38.0,200609,1335.849976,0.024566299,-0.04941506370588235,0.0184,-0.0123,-0.005,0.0040999999999999995,-0.02894876470588235
321,0.08700168571428568,0.09615141946973732,38.0,200610,1377.939941,0.031508003,0.05549368271428568,0.0323,0.016399999999999998,0.0052,0.0040999999999999995,0.08290168571428569
322,0.012459257142857139,0.1028023028754257,38.0,200611,1400.630005,0.016466657,-0.00400739985714286,0.0171,0.0078000000000000005,0.0053,0.0042,0.008259257142857138
323,-0.015640714285714286,0.06575398093409,38.0,200612,1418.300049,0.012615783,-0.028256497285714284,0.0087,-0.009000000000000001,0.0255,0.004,-0.019640714285714286
324,0.030092999999999998,0.10323783446031573,38.0,200701,1438.23999,0.014059043,0.016033956999999998,0.013999999999999999,0.001,-0.0005,0.0044,0.025692999999999997
325,-0.0028014864864864875,0.06765764919579456,39.0,200702,1406.819946,-0.021846176000000002,0.019044689513513513,-0.0196,0.013500000000000002,0.0023,0.0038,-0.0066014864864864875
326,0.031080944444444442,0.09026024191539372,39.0,200703,1420.859985,0.009979983000000001,0.02110096144444444,0.0068000000000000005,-0.0027,0.0037,0.0043,0.02678094444444444
327,0.08615702702702702,0.17719137563294016,38.0,200704,1482.369995,0.043290691,0.04286633602702702,0.0349,-0.0207,-0.009899999999999999,0.0044,0.08175702702702702
328,0.06008502631578949,0.09769781897271972,38.0,200705,1530.619995,0.032549229,0.027535797315789493,0.032400000000000005,-0.0003,-0.0017000000000000001,0.0040999999999999995,0.05598502631578949
329,-0.011764864864864865,0.06938673218721371,38.0,200706,1503.349976,-0.017816322,0.006051457135135134,-0.0196,0.0075,-0.0103,0.004,-0.015764864864864864
330,-0.08847421621621622,0.07819759030499282,37.0,200707,1455.27002,-0.031981878,-0.05649233821621622,-0.0373,-0.026699999999999998,-0.029900000000000003,0.004,-0.09247421621621622
331,-0.02822205405405405,0.10345517820264699,37.0,200708,1473.98999,0.012863572,-0.04108562605405405,0.0092,-0.0016,-0.0232,0.0042,-0.03242205405405405
332,0.008480361111111114,0.11315019350179849,37.0,200709,1526.75,0.035794007999999995,-0.027313646888888883,0.0322,-0.0245,-0.021099999999999997,0.0032,0.005280361111111114
333,0.025904222222222217,0.09869334262049467,36.0,200710,1549.380005,0.014822338000000001,0.011081884222222217,0.018000000000000002,0.0011,-0.021099999999999997,0.0032,0.022704222222222216
334,-0.08321955555555559,0.1211697763943384,36.0,200711,1481.140015,-0.044043417,-0.03917613855555559,-0.0483,-0.0278,-0.0102,0.0034000000000000002,-0.08661955555555559
335,0.035935694444444444,0.08051352989966325,36.0,200712,1468.359985,-0.008628509,0.04456420344444444,-0.0087,0.0002,-0.0001,0.0027,0.03323569444444444
336,-0.05095629729729731,0.13149634222201875,37.0,200801,1378.550049,-0.061163432000000004,0.010207134702702694,-0.0636,-0.0074,0.0305,0.0021,-0.05305629729729731
337,0.005551081081081086,0.11345844947708057,37.0,200802,1330.630005,-0.034761192999999996,0.04031227408108108,-0.030899999999999997,-0.0055000000000000005,0.0001,0.0013,0.004251081081081086
338,-0.05423821621621621,0.12691575145109607,37.0,200803,1322.699951,-0.005959624,-0.04827859221621621,-0.009300000000000001,0.008,0.0024,0.0017000000000000001,-0.05593821621621621
339,0.01412494594594595,0.09974942769480656,37.0,200804,1385.589966,0.047546698,-0.03342175205405405,0.046,-0.0152,-0.0003,0.0018,0.01232494594594595
340,0.04744878378378379,0.1608094880598252,37.0,200805,1400.380005,0.010674181999999999,0.03677460178378379,0.018600000000000002,0.030299999999999997,-0.0040999999999999995,0.0018,0.045648783783783786
341,-0.05977027027027027,0.14177980266099818,37.0,200806,1280.0,-0.085962385,0.02619211472972973,-0.08439999999999999,0.011200000000000002,-0.0102,0.0017000000000000001,-0.06147027027027027
342,-0.010256729729729736,0.13852736382282999,37.0,200807,1267.380005,-0.009859371,-0.0003973587297297354,-0.0077,0.0356,0.0364,0.0015,-0.011756729729729735
343,-0.0052842972972973,0.12116766868335448,37.0,200808,1282.829956,0.012190465,-0.0174747622972973,0.015300000000000001,0.036699999999999997,0.0161,0.0013,-0.0065842972972973
344,-0.09309443243243244,0.14446833938724363,37.0,200809,1166.359985,-0.090791434,-0.0023029984324324376,-0.0924,-0.0032,0.0436,0.0015,-0.09459443243243244
345,-0.19653048648648647,0.13968796021144606,37.0,200810,968.75,-0.169424524,-0.027105962486486473,-0.1723,-0.023,-0.0296,0.0008,-0.19733048648648646
346,-0.10668735135135135,0.15557167446143347,37.0,200811,896.23999,-0.074849043,-0.031838308351351347,-0.0786,-0.0368,-0.050199999999999995,0.0003,-0.10698735135135135
347,0.05704652777777777,0.17624036835242715,37.0,200812,903.25,0.007821577,0.049224950777777776,0.0174,0.04,-0.011899999999999999,0.0,0.05704652777777777
348,-0.004574939393939393,0.18876436385708825,33.0,200901,825.880005,-0.08565734300000001,0.08108240360606062,-0.0812,-0.009899999999999999,-0.0967,0.0,-0.004574939393939393
349,-0.1063679090909091,0.2106143211913609,33.0,200902,735.090027,-0.10993119800000001,0.0035632889090909114,-0.10099999999999999,-0.0038,-0.069,0.0001,-0.1064679090909091
350,0.17611466666666667,0.23679824997738932,33.0,200903,797.869995,0.08540446199999999,0.09071020466666668,0.0895,0.006999999999999999,0.0254,0.0002,0.17591466666666666
351,0.25314030303030305,0.32090638446540026,33.0,200904,872.8099980000001,0.09392508,0.15921522303030305,0.10189999999999999,0.0535,0.052199999999999996,0.0001,0.25304030303030306
352,0.15702739393939394,0.30935169783122046,33.0,200905,919.1400150000001,0.053081446,0.10394594793939393,0.0521,-0.0263,0.0058,0.0,0.15702739393939394
353,0.07176460606060606,0.1810065274278699,33.0,200906,919.320007,0.000195827,0.07156877906060606,0.0043,0.026699999999999998,-0.0239,0.0001,0.07166460606060605
354,0.053761031249999994,0.15768901658593,33.0,200907,987.4799800000001,0.074141727,-0.02038069575000001,0.07719999999999999,0.025099999999999997,0.0473,0.0001,0.05366103124999999
355,0.029099843750000003,0.12675693002525112,32.0,200908,1020.6199949999999,0.033560189,-0.004460345249999994,0.0333,-0.005,0.0765,0.0001,0.028999843750000004
356,0.05959337500000002,0.08515524869234332,32.0,200909,1057.079956,0.035723346,0.023870029000000015,0.0408,0.024300000000000002,0.013500000000000002,0.0001,0.059493375000000015
357,-0.06129840625,0.10719915982544476,32.0,200910,1036.189941,-0.019762001,-0.04153640525,-0.0259,-0.042300000000000004,-0.0435,0.0,-0.06129840625
358,0.053345218750000006,0.12372530597638709,32.0,200911,1095.630005,0.057364062,-0.004018843249999994,0.0556,-0.026099999999999998,0.0023,0.0,0.053345218750000006
359,0.05555499999999999,0.09958286199231595,32.0,200912,1115.099976,0.017770571000000002,0.037784428999999994,0.0275,0.0579,0.0072,0.0001,0.05545499999999999
360,0.003187562500000003,0.1393074175958401,32.0,201001,1073.869995,-0.036974246,0.04016180850000001,-0.0336,0.002,0.0060999999999999995,0.0,0.003187562500000003
361,0.057181375,0.09924495056554798,32.0,201002,1104.48999,0.028513689,0.028667686,0.034,0.0144,0.0274,0.0,0.057181375
362,0.099432625,0.18496141138360758,32.0,201003,1169.430054,0.058796426,0.040636199,0.06309999999999999,0.015700000000000002,0.020099999999999996,0.0001,0.099332625
363,0.048666625000000005,0.12388393835614459,32.0,201004,1186.689941,0.01475923,0.03390739500000001,0.02,0.0492,0.031200000000000002,0.0001,0.048566625
364,-0.05145821874999999,0.09478981077770533,32.0,201005,1089.410034,-0.08197584200000001,0.030517623250000014,-0.0789,-0.0009,-0.0232,0.0001,-0.051558218749999996
365,-0.06844284375000001,0.10707234220033256,32.0,201006,1030.709961,-0.053882442,-0.014560401750000007,-0.0556,-0.0215,-0.042699999999999995,0.0001,-0.06854284375000001
366,0.05109854838709678,0.08609644545502008,32.0,201007,1101.599976,0.06877785,-0.017679301612903223,0.0693,0.0024,0.0004,0.0001,0.050998548387096776
367,-0.08191706451612904,0.1309299310486174,31.0,201008,1049.329956,-0.047449184000000005,-0.034467880516129035,-0.04769999999999999,-0.030299999999999997,-0.0151,0.0001,-0.08201706451612904
368,0.11572625806451613,0.10249598911240959,31.0,201009,1141.199951,0.087551103,0.028175155064516122,0.09539999999999998,0.0384,-0.0294,0.0001,0.11562625806451612
369,0.05159358064516128,0.13159874029963817,31.0,201010,1183.26001,0.036855993999999996,0.014737586645161282,0.0388,0.0101,-0.0223,0.0001,0.051493580645161276
370,0.038967483870967747,0.2000859055798902,31.0,201011,1180.550049,-0.00229025,0.04125773387096775,0.006,0.0369,-0.0058,0.0001,0.038867483870967744
371,0.05651974193548388,0.13003871288119492,31.0,201012,1257.640015,0.06530004,-0.00878029806451612,0.0682,0.0085,0.0347,0.0001,0.05641974193548388
372,0.07855808823529413,0.1675221672353674,34.0,201101,1286.119995,0.022645573999999998,0.05591251423529413,0.0199,-0.024,0.0068000000000000005,0.0001,0.07845808823529413
373,-0.023968176470588232,0.11506733497114573,34.0,201102,1327.219971,0.031956564,-0.055924740470588236,0.0349,0.016200000000000003,0.0173,0.0001,-0.02406817647058823
374,-0.0890465,0.15619242426265575,34.0,201103,1325.829956,-0.001047313,-0.087999187,0.0045000000000000005,0.0268,-0.0116,0.0001,-0.0891465
375,-0.03718709090909091,0.20223821504159453,34.0,201104,1363.609985,0.02849538,-0.0656824709090909,0.028999999999999998,-0.0034000000000000002,-0.0215,0.0,-0.03718709090909091
376,-0.09527881818181816,0.13623133438714974,33.0,201105,1345.199951,-0.013500953000000001,-0.08177786518181816,-0.0127,-0.0068000000000000005,-0.0212,0.0,-0.09527881818181816
377,-0.06784638709677421,0.14937762844765332,32.0,201106,1320.640015,-0.018257461000000003,-0.049588926096774205,-0.0175,-0.0014000000000000002,-0.0026,0.0,-0.06784638709677421
378,0.022277096774193535,0.18170350960752057,32.0,201107,1292.280029,-0.021474426,0.04375152277419354,-0.0236,-0.0144,-0.0118,0.0,0.022277096774193535
379,-0.14778235483870966,0.13158613123110616,32.0,201108,1218.890015,-0.056791107,-0.09099124783870965,-0.0599,-0.033,-0.0158,0.0001,-0.14788235483870965
380,-0.13115277419354837,0.1512673421618625,31.0,201109,1131.420044,-0.071761988,-0.05939078619354837,-0.0759,-0.037200000000000004,-0.0098,0.0,-0.13115277419354837
381,0.14392583870967737,0.1401695359774719,31.0,201110,1253.300049,0.107723039,0.036202799709677366,0.11349999999999999,0.0358,-0.0096,0.0,0.14392583870967737
382,-0.08978403225806451,0.16108328310938702,31.0,201111,1246.959961,-0.005058715,-0.08472531725806451,-0.0028000000000000004,-0.0024,-0.0018,0.0,-0.08978403225806451
383,-0.0034417000000000002,0.15668621310367087,31.0,201112,1257.599976,0.008532764,-0.011974464,0.0074,-0.0055000000000000005,0.015700000000000002,0.0,-0.0034417000000000002
384,0.17171343749999998,0.1370820352037745,32.0,201201,1312.410034,0.043583062,0.12813037549999998,0.050499999999999996,0.025099999999999997,-0.021400000000000002,0.0,0.17171343749999998
385,0.12176762499999999,0.4647171962807231,32.0,201202,1365.680054,0.040589464,0.081178161,0.044199999999999996,-0.0165,0.0001,0.0,0.12176762499999999
386,0.06704049999999998,0.20175213536624267,32.0,201203,1408.469971,0.031332315,0.035708184999999976,0.0311,-0.0027,-0.0006,0.0,0.06704049999999998
387,0.005579624999999993,0.2606925689874458,32.0,201204,1397.910034,-0.007497453,0.013077077999999992,-0.0085,-0.0063,-0.002,0.0,0.005579624999999993
388,-0.1365883548387097,0.17542588102245124,32.0,201205,1310.329956,-0.06265072599999999,-0.07393762883870972,-0.061900000000000004,-0.0011,0.0008,0.0001,-0.1366883548387097
389,-0.014395870967741933,0.138493466221032,31.0,201206,1362.160034,0.039554982,-0.053950852967741936,0.038900000000000004,0.008100000000000001,0.0054,0.0,-0.014395870967741933
390,-0.0360976129032258,0.1760864010092162,31.0,201207,1379.319946,0.012597573999999999,-0.0486951869032258,0.0079,-0.026000000000000002,0.0001,0.0,-0.0360976129032258
391,-0.016162899999999997,0.13387124229089267,31.0,201208,1406.579956,0.01976337,-0.035926269999999996,0.0255,0.0069,0.006,0.0001,-0.016262899999999997
392,-0.027161866666666663,0.11351332263803414,30.0,201209,1440.670044,0.024236154,-0.05139802066666666,0.0273,0.005,0.015600000000000001,0.0001,-0.027261866666666662
393,0.1387766,0.6185790438967194,30.0,201210,1412.160034,-0.01978941,0.15856601,-0.0176,-0.010700000000000001,0.0416,0.0001,0.1386766
394,0.07182783333333335,0.4707665136345106,30.0,201211,1416.180054,0.002846717,0.06898111633333336,0.0078000000000000005,0.0068000000000000005,-0.011200000000000002,0.0001,0.07172783333333335
395,-0.020928866666666667,0.0947384485040109,30.0,201212,1426.189941,0.00706823,-0.027997096666666665,0.0118,0.0161,0.0326,0.0001,-0.021028866666666667
396,0.10713861290322581,0.19526761162938713,32.0,201301,1498.109985,0.050428097000000005,0.0567105159032258,0.0557,0.005,0.0134,0.0,0.10713861290322581
397,-0.01194267741935484,0.12555297753867015,31.0,201302,1514.680054,0.011060648999999999,-0.02300332641935484,0.0129,-0.004,0.0028000000000000004,0.0,-0.01194267741935484
398,0.06119993333333334,0.13275580164371112,31.0,201303,1569.189941,0.035987724,0.02521220933333334,0.0403,0.0088,-0.0007000000000000001,0.0,0.06119993333333334
399,0.04133576666666667,0.2337505826225722,31.0,201304,1597.569946,0.018085768000000002,0.023249998666666667,0.015600000000000001,-0.024,0.0034999999999999996,0.0,0.04133576666666667
400,0.06665562068965517,0.14330044883650517,31.0,201305,1630.73999,0.020762812,0.045892808689655167,0.027999999999999997,0.02,0.013300000000000001,0.0,0.06665562068965517
401,-0.0391701,0.09944039290444127,30.0,201306,1606.280029,-0.014999301999999999,-0.024170798,-0.012,0.0118,-0.004,0.0,-0.0391701
402,0.040470400000000004,0.1031273835769176,30.0,201307,1685.72998,0.04946208,-0.008991679999999995,0.0565,0.018799999999999997,0.0070999999999999995,0.0,0.040470400000000004
403,-0.029137166666666665,0.12925991760151548,30.0,201308,1632.969971,-0.031298018999999996,0.002160852333333331,-0.0271,0.0024,-0.0248,0.0,-0.029137166666666665
404,0.05121786666666666,0.16992989173058345,30.0,201309,1681.550049,0.029749522999999996,0.021468343666666664,0.0377,0.0286,-0.015700000000000002,0.0,0.05121786666666666
405,0.11352076666666666,0.20310026664844094,30.0,201310,1756.540039,0.044595752999999995,0.06892501366666667,0.0418,-0.0155,0.013600000000000001,0.0,0.11352076666666666
406,0.03676248275862069,0.16448464386371425,30.0,201311,1805.810059,0.028049472000000002,0.00871301075862069,0.031200000000000002,0.013300000000000001,-0.0038,0.0,0.03676248275862069
407,0.0040482068965517265,0.08706865740584074,29.0,201312,1848.359985,0.023562792000000003,-0.019514585103448275,0.0281,-0.0043,-0.002,0.0,0.0040482068965517265
408,-0.013155935483870966,0.11281861069904364,31.0,201401,1782.589966,-0.035582906,0.022426970516129033,-0.0332,0.0083,-0.018799999999999997,0.0,-0.013155935483870966
409,0.04611480645161291,0.1024398032584403,31.0,201402,1859.449951,0.04311703,0.0029977764516129074,0.04650000000000001,0.0032,-0.0049,0.0,0.04611480645161291
410,-0.008508161290322577,0.10735452670788093,31.0,201403,1872.339966,0.006932166,-0.015440327290322577,0.0043,-0.0181,0.046,0.0,-0.008508161290322577
411,-0.013033161290322576,0.1432771036579343,31.0,201404,1883.949951,0.006200789,-0.019233950290322578,-0.0019,-0.0417,0.016200000000000003,0.0,-0.013033161290322576
412,-0.010476200000000008,0.16105788900126822,30.0,201405,1923.569946,0.02103028,-0.03150648,0.0206,-0.0184,-0.0038,0.0,-0.010476200000000008
413,0.04201353333333334,0.10278491343434476,30.0,201406,1960.22998,0.019058332,0.022955201333333338,0.026099999999999998,0.0294,-0.006,0.0,0.04201353333333334
414,-0.05343568965517241,0.10080760450095852,30.0,201407,1930.6700440000002,-0.015079831,-0.03835585865517241,-0.0204,-0.0425,0.0004,0.0,-0.05343568965517241
415,0.05561706896551724,0.09805859036636173,29.0,201408,2003.369995,0.037655295,0.017961773965517243,0.042300000000000004,0.005,-0.0076,0.0,0.05561706896551724
416,-0.06962706896551724,0.07863940105948845,29.0,201409,1972.290039,-0.015513836999999999,-0.05411323196551723,-0.0197,-0.038,-0.0168,0.0,-0.06962706896551724
417,0.06823957142857143,0.1398915215378684,29.0,201410,2018.050049,0.023201461,0.04503811042857143,0.0252,0.042800000000000005,-0.0181,0.0,0.06823957142857143
418,-0.009556750000000001,0.0878954653153919,28.0,201411,2067.560059,0.024533588999999998,-0.034090339,0.0255,-0.0208,-0.0337,0.0,-0.009556750000000001
419,0.004655107142857146,0.08961653950493707,28.0,201412,2058.899902,-0.004188588,0.008843695142857145,-0.0006,0.026000000000000002,0.015600000000000001,0.0,0.004655107142857146
420,-0.03519440000000001,0.12999890244088402,30.0,201501,1994.9899899999998,-0.031040806,-0.004153594000000007,-0.0311,-0.0062,-0.030600000000000002,0.0,-0.03519440000000001
421,0.0853877,0.09509393494860932,30.0,201502,2104.5,0.054892511,0.030495189,0.0613,0.004699999999999999,-0.0216,0.0,0.0853877
422,0.0058292000000000005,0.07850395161387166,30.0,201503,2067.889893,-0.017396107,0.023225307,-0.011200000000000002,0.031400000000000004,-0.0073,0.0,0.0058292000000000005
423,0.010390433333333332,0.10546191009985169,30.0,201504,2085.51001,0.00852082,0.0018696133333333323,0.0059,-0.030299999999999997,0.0213,0.0,0.010390433333333332
424,-0.022519966666666672,0.10119096875964817,30.0,201505,2107.389893,0.010491381999999999,-0.03301134866666667,0.013600000000000001,0.0095,-0.019,0.0,-0.022519966666666672
425,-0.014583666666666667,0.08787029490511936,30.0,201506,2063.110107,-0.021011672000000002,0.006428005333333335,-0.015300000000000001,0.028399999999999998,-0.0104,0.0,-0.014583666666666667
426,-0.03901826666666665,0.14748848915808083,30.0,201507,2103.840088,0.01974203,-0.05876029666666665,0.0154,-0.0417,-0.0449,0.0,-0.03901826666666665
427,0.0017136666666666648,0.14171710205688764,30.0,201508,1972.180054,-0.062580818,0.06429448466666667,-0.0604,0.0043,0.0288,0.0,0.0017136666666666648
428,-0.022966366666666665,0.1606906405699845,30.0,201509,1920.030029,-0.026442832000000003,0.003476465333333338,-0.030699999999999998,-0.0271,0.0073,0.0,-0.022966366666666665
429,0.09730873333333333,0.1618074437380119,30.0,201510,2079.360107,0.082983118,0.014325615333333333,0.0775,-0.018600000000000002,-0.0032,0.0,0.09730873333333333
430,-0.021868166666666668,0.11623266794936112,30.0,201511,2080.409912,0.000504869,-0.02237303566666667,0.005600000000000001,0.0355,-0.0123,0.0,-0.021868166666666668
431,-0.05766560000000001,0.12998749508148322,30.0,201512,2043.939941,-0.017530185,-0.04013541500000001,-0.0217,-0.029900000000000003,-0.0207,0.0001,-0.057765600000000014
